country_code	country	age	1950	1951	1952	1953	1954	1955	1956	1957	1958	1959	1960	1961	1962	1963	1964	1965	1966	1967	1968	1969	1970	1971	1972	1973	1974	1975	1976	1977	1978	1979	1980	1981	1982	1983	1984	1985	1986	1987	1988	1989	1990	1991	1992	1993	1994	1995	1996	1997	1998	1999	2000	2001	2002	2003	2004	2005	2006	2007	2008	2009	2010	2011	2012	2013	2014	2015	2016	2017	2018	2019	2020	2021	2022	2023	2024	2025	2026	2027	2028	2029	2030	2031	2032	2033	2034	2035	2036	2037	2038	2039	2040	2041	2042	2043	2044	2045	2046	2047	2048	2049	2050	2051	2052	2053	2054	2055	2056	2057	2058	2059	2060	2061	2062	2063	2064	2065	2066	2067	2068	2069	2070	2071	2072	2073	2074	2075	2076	2077	2078	2079	2080	2081	2082	2083	2084	2085	2086	2087	2088	2089	2090	2091	2092	2093	2094	2095	2096	2097	2098	2099	2100
270	Gambia	10	0.001006	0.001033	0.001074	0.00113	0.001194	0.00126	0.001324	0.001388	0.001468	0.001567	0.001666	0.00176	0.001839	0.001891	0.001917	0.001939	0.00198	0.002026	0.002109	0.002214	0.002343	0.002412	0.002489	0.002565	0.002622	0.002663	0.002731	0.00287	0.003091	0.003302	0.00351	0.003573	0.00348	0.003369	0.003332	0.003124	0.002979	0.002747	0.002858	0.003371	0.003592	0.003154	0.003067	0.003019	0.002739	0.002831	0.002597	0.002352	0.002534	0.002264	0.001962	0.001765	0.001447	0.0013	0.001197	0.001035	0.000708	0.000515	0.000375	0.000189	0.000107	3.2e-05	0	0	0	0	0	0	0	0	0	0	0	0	9.6e-05	9.1e-05	8.7e-05	8.4e-05	8e-05	7.6e-05	7.3e-05	7e-05	6.7e-05	6.5e-05	6.2e-05	5.9e-05	5.7e-05	5.5e-05	5.3e-05	5.1e-05	4.9e-05	4.7e-05	4.5e-05	4.3e-05	4.2e-05	4e-05	3.9e-05	3.8e-05	3.6e-05	3.5e-05	3.4e-05	3.3e-05	3.2e-05	3.1e-05	3e-05	2.9e-05	2.8e-05	2.7e-05	2.6e-05	2.5e-05	2.5e-05	2.4e-05	2.3e-05	2.2e-05	2.2e-05	2.1e-05	2.1e-05	2e-05	2e-05	1.9e-05	1.9e-05	1.8e-05	1.8e-05	1.7e-05	1.7e-05	1.6e-05	1.6e-05	1.6e-05	1.5e-05	1.5e-05	1.5e-05	1.4e-05	1.4e-05	1.4e-05	1.4e-05	1.3e-05	1.3e-05	1.3e-05	1.3e-05	1.2e-05	1.2e-05	1.2e-05	1.2e-05	1.2e-05	1.2e-05	1.1e-05	1.1e-05	1.1e-05	1.1e-05	1.1e-05	1.1e-05
270	Gambia	11	0.013076	0.013429	0.013964	0.014691	0.015518	0.016384	0.017217	0.018045	0.019088	0.02037	0.021658	0.022877	0.02391	0.024577	0.024918	0.025208	0.025734	0.026343	0.027412	0.028776	0.030459	0.031352	0.032353	0.033349	0.034084	0.034621	0.035509	0.037304	0.040188	0.042926	0.045629	0.04645	0.045244	0.043796	0.043318	0.04061	0.038733	0.035712	0.037155	0.043827	0.04669	0.041006	0.039868	0.039246	0.035601	0.036807	0.033765	0.030577	0.032944	0.029431	0.0255	0.022941	0.018811	0.016896	0.015563	0.013449	0.009204	0.00669	0.004873	0.002453	0.00139	0.000414	0	0	0	0	0	0	0	0	0	0	0	0	8e-05	6.4e-05	5.1e-05	4.1e-05	3.4e-05	2.7e-05	2.2e-05	1.8e-05	1.5e-05	1.3e-05	1e-05	9e-06	7e-06	6e-06	5e-06	4e-06	4e-06	3e-06	3e-06	2e-06	2e-06	2e-06	2e-06	1e-06	1e-06	1e-06	1e-06	1e-06	1e-06	1e-06	1e-06	1e-06	1e-06	1e-06	0	0	0	0	0	0	0	0	0	0	0	0	0	0	0	0	0	0	0	0	0	0	0	0	0	0	0	0	0	0	0	0	0	0	0	0	0	0	0	0	0	0	0
270	Gambia	12	0.067397	0.068288	0.069741	0.071784	0.074132	0.076605	0.078985	0.081356	0.084379	0.088125	0.091895	0.09546	0.09847	0.100396	0.101351	0.102165	0.103691	0.105469	0.108623	0.112659	0.117646	0.120285	0.123251	0.126002	0.127981	0.129381	0.131826	0.136957	0.145308	0.15306	0.160703	0.162809	0.158959	0.154304	0.152179	0.143925	0.13802	0.128736	0.132692	0.151645	0.160071	0.143101	0.140238	0.138851	0.127442	0.129608	0.118785	0.108318	0.114682	0.103572	0.091838	0.083745	0.070623	0.063949	0.059579	0.052929	0.040485	0.03285	0.026674	0.019114	0.015338	0.011808	0.010407	0.009633	0.008716	0.007756	0.006732	0.005991	0.005538	0.005106	0.004715	0.004357	0.004002	0.003684	0.003276	0.002919	0.002605	0.00233	0.002087	0.001873	0.001684	0.001517	0.001368	0.001237	0.00112	0.001016	0.000924	0.000841	0.000767	0.000701	0.000642	0.000589	0.000541	0.000498	0.000459	0.000425	0.000393	0.000364	0.000339	0.000315	0.000294	0.000275	0.000257	0.000241	0.000226	0.000213	0.000201	0.00019	0.00018	0.00017	0.000162	0.000154	0.000147	0.00014	0.000134	0.000129	0.000123	0.000119	0.000115	0.000111	0.000107	0.000104	0.000101	9.8e-05	9.6e-05	9.3e-05	9.1e-05	8.9e-05	8.8e-05	8.6e-05	8.5e-05	8.4e-05	8.3e-05	8.2e-05	8.2e-05	8.1e-05	8.1e-05	8.1e-05	8.1e-05	8.1e-05	8.1e-05	8.1e-05	8.2e-05	8.2e-05	8.2e-05	8.2e-05	8.3e-05	8.3e-05	8.3e-05	8.3e-05	8.3e-05
270	Gambia	13	0.279049	0.279724	0.281487	0.284381	0.287872	0.291624	0.29524	0.298878	0.303733	0.309919	0.316165	0.322064	0.326997	0.330034	0.331383	0.332525	0.334978	0.337907	0.343292	0.350244	0.358869	0.363397	0.368525	0.372145	0.374454	0.375794	0.378962	0.386786	0.400123	0.411486	0.42264	0.42443	0.416194	0.40608	0.398376	0.382803	0.370638	0.352684	0.35772	0.385881	0.400123	0.370051	0.367983	0.368158	0.34498	0.34074	0.311758	0.287866	0.295189	0.271983	0.251207	0.234314	0.206581	0.189361	0.179416	0.165729	0.144955	0.130694	0.115523	0.100244	0.090141	0.080417	0.077014	0.071288	0.064496	0.057392	0.049816	0.044335	0.04098	0.037786	0.034889	0.032242	0.029612	0.02726	0.024838	0.022654	0.020684	0.018904	0.017296	0.01584	0.014522	0.013328	0.012245	0.011261	0.010368	0.009555	0.008816	0.008142	0.007527	0.006967	0.006455	0.005986	0.005558	0.005166	0.004807	0.004477	0.004175	0.003897	0.003641	0.003406	0.003189	0.00299	0.002806	0.002636	0.002479	0.002334	0.002199	0.002075	0.00196	0.001853	0.001754	0.001662	0.001576	0.001497	0.001423	0.001354	0.00129	0.00123	0.001174	0.001122	0.001074	0.001028	0.000986	0.000947	0.000909	0.000875	0.000842	0.000812	0.000784	0.000757	0.000732	0.000709	0.000687	0.000667	0.000647	0.000629	0.000613	0.000597	0.000582	0.000569	0.000556	0.000544	0.000533	0.000523	0.000513	0.000504	0.000496	0.000489	0.000482	0.000475	0.00047
270	Gambia	14	0.701657	0.700967	0.702035	0.704913	0.708761	0.713064	0.717217	0.721463	0.727598	0.735774	0.744064	0.751869	0.758284	0.761966	0.76323	0.764263	0.767306	0.7711	0.778519	0.788241	0.80039	0.806658	0.813838	0.816662	0.817851	0.817733	0.820252	0.829407	0.846296	0.858771	0.870923	0.870186	0.855742	0.837641	0.819368	0.794961	0.774197	0.745305	0.749248	0.780772	0.800406	0.756313	0.758638	0.763578	0.724277	0.703529	0.643663	0.599369	0.603077	0.562497	0.5317	0.502245	0.453466	0.41837	0.399674	0.376042	0.347837	0.325583	0.295792	0.270086	0.249031	0.228359	0.221534	0.205744	0.186886	0.167331	0.146492	0.131496	0.122649	0.114275	0.106824	0.099929	0.093037	0.08694	0.080177	0.074027	0.068428	0.063326	0.058673	0.054426	0.050546	0.046998	0.043751	0.040776	0.038049	0.035546	0.033247	0.031135	0.029191	0.027401	0.025752	0.024231	0.022827	0.021531	0.020332	0.019224	0.018198	0.017247	0.016366	0.015548	0.014789	0.014084	0.013429	0.01282	0.012254	0.011726	0.011235	0.010778	0.010352	0.009954	0.009584	0.009238	0.008916	0.008616	0.008335	0.008074	0.00783	0.007603	0.007392	0.007195	0.007012	0.006842	0.006684	0.006538	0.006402	0.006277	0.006162	0.006057	0.00596	0.005872	0.005793	0.005721	0.005658	0.005601	0.005552	0.005511	0.005476	0.005448	0.005426	0.005412	0.005403	0.005402	0.005407	0.005418	0.00543	0.005451	0.005467	0.005478	0.005485	0.005504	0.005513
270	Gambia	15	1.42722	1.421059	1.416182	1.41262	1.409918	1.407827	1.406027	1.404641	1.404618	1.406057	1.407907	1.409827	1.411311	1.411611	1.410861	1.410262	1.411089	1.412547	1.416193	1.421309	1.427972	1.4316	1.435957	1.428575	1.423022	1.416995	1.412597	1.412172	1.416374	1.415036	1.413859	1.405612	1.389794	1.367936	1.336587	1.316068	1.29445	1.26834	1.262529	1.255323	1.265555	1.229035	1.243063	1.257255	1.210949	1.151399	1.057214	0.998126	0.979095	0.930734	0.906508	0.873926	0.814691	0.758001	0.732475	0.705048	0.702911	0.696044	0.66354	0.652965	0.623373	0.594901	0.587118	0.565472	0.538658	0.511517	0.483801	0.462045	0.458292	0.450381	0.441432	0.433945	0.42627	0.418305	0.405016	0.392218	0.379893	0.368023	0.35659	0.345576	0.334967	0.324746	0.314899	0.305411	0.296267	0.287456	0.278963	0.270777	0.262885	0.255276	0.24794	0.240866	0.234043	0.227462	0.221113	0.214989	0.209079	0.203376	0.197872	0.192559	0.187431	0.182479	0.177698	0.173081	0.168621	0.164313	0.160151	0.15613	0.152244	0.148489	0.144858	0.141349	0.137956	0.134675	0.131502	0.128433	0.125465	0.122593	0.119814	0.117125	0.114522	0.112003	0.109564	0.107203	0.104917	0.102703	0.100559	0.098482	0.09647	0.094521	0.092632	0.090801	0.089027	0.087308	0.085641	0.084025	0.082459	0.08094	0.079466	0.078038	0.076652	0.075308	0.074004	0.072738	0.071511	0.07032	0.069164	0.068043	0.066954	0.065898	0.064872
270	Gambia	16	2.451227	2.438637	2.42736	2.417417	2.408477	2.400401	2.392973	2.386273	2.380921	2.376997	2.373762	2.370973	2.368275	2.365155	2.361667	2.358636	2.356996	2.356065	2.356867	2.35892	2.362275	2.363872	2.366265	2.347787	2.334674	2.321632	2.309933	2.301302	2.29617	2.282676	2.269748	2.252509	2.230608	2.199191	2.149052	2.125718	2.097394	2.066196	2.051179	2.011267	2.015629	1.977087	2.005261	2.032004	1.968672	1.864342	1.720829	1.636529	1.594298	1.52384	1.495573	1.450861	1.365175	1.276378	1.236474	1.196876	1.211501	1.21013	1.164234	1.159853	1.115099	1.071631	1.060893	1.029242	0.988231	0.948726	0.909785	0.879612	0.880936	0.876096	0.869977	0.865655	0.861165	0.855926	0.837097	0.818721	0.800788	0.783287	0.766211	0.74955	0.733296	0.717438	0.701968	0.686878	0.672158	0.6578	0.643795	0.630135	0.616811	0.603816	0.591141	0.578778	0.56672	0.554958	0.543487	0.532297	0.521383	0.510737	0.500352	0.490221	0.480339	0.470698	0.461293	0.452117	0.443164	0.434429	0.425906	0.417589	0.409473	0.401553	0.393824	0.38628	0.378917	0.37173	0.364714	0.357866	0.35118	0.344652	0.338278	0.332055	0.325977	0.320042	0.314246	0.308585	0.303055	0.297653	0.292376	0.28722	0.282183	0.27726	0.27245	0.267749	0.263155	0.258664	0.254275	0.249983	0.245788	0.241686	0.237675	0.233752	0.229916	0.226164	0.222495	0.218905	0.215393	0.211956	0.208594	0.205304	0.202084	0.198933	0.195848
270	Gambia	17	3.462269	3.443704	3.426075	3.409376	3.393571	3.378724	3.36485	3.351935	3.339917	3.328823	3.318612	3.309259	3.300746	3.293072	3.286151	3.279993	3.274732	3.27006	3.265886	3.262228	3.259082	3.256614	3.254779	3.22265	3.200451	3.179079	3.158164	3.137976	3.118481	3.087657	3.057763	3.028942	3.001176	2.962756	2.9036	2.884044	2.855821	2.82802	2.804857	2.7209	2.704942	2.67935	2.719372	2.757789	2.690323	2.557542	2.397369	2.307024	2.236808	2.149776	2.119125	2.074351	1.964428	1.855695	1.799781	1.746935	1.778256	1.777113	1.724741	1.728559	1.675706	1.624064	1.618064	1.58731	1.540306	1.496602	1.454586	1.420175	1.422756	1.42254	1.420491	1.421072	1.421795	1.420711	1.400138	1.379794	1.35968	1.339798	1.32015	1.300738	1.281563	1.262625	1.243926	1.225466	1.207243	1.189259	1.171513	1.154004	1.13673	1.119692	1.102887	1.086314	1.069972	1.053859	1.037973	1.022312	1.006875	0.991659	0.976662	0.961883	0.947318	0.932965	0.918822	0.904888	0.891158	0.877631	0.864305	0.851177	0.838244	0.825503	0.812954	0.800591	0.788415	0.776421	0.764607	0.752971	0.74151	0.730222	0.719104	0.708154	0.697369	0.686747	0.676285	0.665981	0.655833	0.645838	0.635994	0.626298	0.616749	0.607344	0.59808	0.588956	0.579969	0.571118	0.5624	0.553812	0.545354	0.537022	0.528815	0.520731	0.512767	0.504923	0.497195	0.489583	0.482084	0.474696	0.467418	0.460248	0.453183	0.446224	0.439367
270	Gambia	18	4.344819	4.321946	4.299303	4.276858	4.254961	4.233939	4.214103	4.19532	4.176647	4.158035	4.140369	4.123913	4.109098	4.096593	4.086146	4.076692	4.067294	4.058192	4.047845	4.036926	4.025359	4.017511	4.009933	3.963477	3.931987	3.902114	3.871406	3.838174	3.801779	3.751443	3.702261	3.660926	3.627864	3.585723	3.529833	3.519586	3.498188	3.481429	3.452873	3.321493	3.272625	3.273191	3.32014	3.367131	3.309653	3.172581	3.035081	2.960577	2.862128	2.766167	2.733887	2.70176	2.572213	2.460298	2.388443	2.322243	2.365339	2.357007	2.306315	2.31785	2.265655	2.214376	2.220858	2.203015	2.159953	2.121497	2.085539	2.05184	2.050257	2.054979	2.057006	2.062997	2.069712	2.073071	2.055368	2.037559	2.019651	2.001657	1.983586	1.965448	1.947252	1.929009	1.910725	1.89241	1.87407	1.855714	1.837349	1.818981	1.800616	1.782262	1.763923	1.745605	1.727314	1.709054	1.690831	1.672649	1.654512	1.636425	1.618392	1.600417	1.582503	1.564653	1.546872	1.529162	1.511526	1.493967	1.476489	1.459092	1.441781	1.424557	1.407423	1.39038	1.373431	1.356578	1.339822	1.323166	1.30661	1.290157	1.273807	1.257563	1.241425	1.225396	1.209475	1.193664	1.177964	1.162376	1.146902	1.131541	1.116294	1.101164	1.086149	1.07125	1.056469	1.041806	1.027261	1.012835	0.998528	0.984341	0.970273	0.956326	0.942499	0.928793	0.915208	0.901745	0.888402	0.875181	0.862081	0.849103	0.836247	0.823512	0.810899
270	Gambia	19	4.888058	4.865384	4.842517	4.819415	4.796577	4.77442	4.753363	4.733235	4.712775	4.691908	4.67186	4.653006	4.635943	4.621585	4.609627	4.598615	4.587207	4.575873	4.562553	4.548159	4.532587	4.521722	4.510879	4.455885	4.4195	4.384864	4.348802	4.308892	4.264284	4.205307	4.147344	4.099455	4.062225	4.018843	3.976344	3.971346	3.956542	3.947824	3.920062	3.77036	3.693684	3.715166	3.75898	3.806115	3.764194	3.654393	3.568356	3.522241	3.41199	3.314588	3.276297	3.259711	3.118591	3.021799	2.939444	2.862565	2.898297	2.873553	2.829867	2.839742	2.79476	2.750353	2.769775	2.77083	2.739583	2.712994	2.688909	2.660558	2.649859	2.65669	2.660091	2.668685	2.678569	2.683869	2.67142	2.658591	2.645391	2.631833	2.61793	2.603696	2.589142	2.57428	2.559123	2.54368	2.527964	2.511985	2.495752	2.479277	2.462569	2.445637	2.428492	2.411141	2.393594	2.37586	2.357947	2.339863	2.321617	2.303216	2.284669	2.265982	2.247164	2.228221	2.209161	2.189991	2.170717	2.151346	2.131885	2.11234	2.092718	2.073024	2.053265	2.033446	2.013575	1.993655	1.973693	1.953694	1.933664	1.913608	1.893532	1.873439	1.853335	1.833226	1.813116	1.793009	1.77291	1.752824	1.732755	1.712708	1.692687	1.672696	1.652739	1.632821	1.612944	1.593114	1.573334	1.553607	1.533938	1.514329	1.494785	1.475309	1.455905	1.436575	1.417323	1.398152	1.379065	1.360066	1.341156	1.32234	1.30362	1.284999	1.266479
270	Gambia	20	5.081436	5.063471	5.045288	5.026858	5.00854	4.99064	4.973462	4.956885	4.940008	4.92278	4.906077	4.890168	4.875479	4.862667	4.851506	4.84096	4.830085	4.819192	4.806799	4.793564	4.779413	4.768567	4.757677	4.700441	4.664291	4.629306	4.593188	4.554248	4.511887	4.457833	4.404319	4.357818	4.318739	4.276529	4.254398	4.248576	4.238001	4.231687	4.210449	4.076416	3.982791	4.014848	4.04572	4.083979	4.059155	4.002821	3.986321	3.975497	3.872637	3.780941	3.732196	3.729627	3.586672	3.519949	3.434265	3.35087	3.360691	3.314052	3.281866	3.281081	3.247303	3.213732	3.242422	3.263796	3.249753	3.239281	3.230593	3.212253	3.190603	3.19674	3.19899	3.207341	3.217409	3.222184	3.216013	3.209268	3.201956	3.194089	3.185681	3.176743	3.167288	3.157328	3.146873	3.135936	3.124528	3.112659	3.100339	3.087581	3.074393	3.060786	3.04677	3.032356	3.017552	3.002368	2.986815	2.9709	2.954635	2.938027	2.921086	2.903821	2.886241	2.868355	2.850171	2.831698	2.812944	2.793919	2.774629	2.755085	2.735293	2.715262	2.695001	2.674516	2.653817	2.632911	2.611805	2.590508	2.569027	2.54737	2.525545	2.503558	2.481417	2.459131	2.436705	2.414147	2.391465	2.368666	2.345756	2.322742	2.299632	2.276433	2.253151	2.229793	2.206366	2.182876	2.159331	2.135736	2.112098	2.088423	2.064719	2.04099	2.017244	1.993486	1.969723	1.945961	1.922205	1.898462	1.874737	1.851036	1.827366	1.803731	1.780137
270	Gambia	21	5.103895	5.091677	5.079308	5.066779	5.054265	5.04193	5.029933	5.018213	5.006321	4.994239	4.982397	4.970925	4.960033	4.950047	4.940845	4.93192	4.922834	4.913689	4.903746	4.893335	4.882422	4.873118	4.863766	4.803516	4.770299	4.737646	4.704369	4.669714	4.633394	4.594873	4.556506	4.521486	4.489996	4.453418	4.446177	4.43704	4.427574	4.420022	4.403809	4.300263	4.206226	4.237886	4.253065	4.27589	4.261521	4.247399	4.279195	4.296162	4.211697	4.134569	4.079656	4.081257	3.954006	3.91413	3.835676	3.755509	3.745679	3.697198	3.683997	3.68013	3.651842	3.62327	3.644817	3.673112	3.673832	3.677489	3.682735	3.682219	3.665997	3.673724	3.677036	3.686969	3.698571	3.704321	3.703746	3.702492	3.700563	3.697971	3.694727	3.690843	3.686329	3.681195	3.675453	3.669111	3.662181	3.654672	3.646593	3.637955	3.628767	3.619038	3.608777	3.597994	3.586697	3.574896	3.5626	3.549816	3.536555	3.522825	3.508634	3.493991	3.478905	3.463384	3.447436	3.431071	3.414296	3.39712	3.379551	3.361598	3.343269	3.324571	3.305514	3.286105	3.266352	3.246265	3.22585	3.205116	3.184072	3.162724	3.141082	3.119152	3.096944	3.074466	3.051724	3.028728	3.005485	2.982002	2.958289	2.934353	2.910202	2.885843	2.861284	2.836534	2.811601	2.786491	2.761213	2.735774	2.710183	2.684446	2.658572	2.632569	2.606443	2.580203	2.553856	2.52741	2.500872	2.47425	2.447551	2.420783	2.393953	2.367068	2.340136
270	Gambia	22	5.016936	5.010548	5.00412	4.997656	4.991157	4.98465	4.978151	4.971659	4.965151	4.958642	4.952134	4.945627	4.939127	4.932643	4.926151	4.919651	4.91318	4.906655	4.90004	4.893358	4.886612	4.879905	4.873188	4.808814	4.780256	4.751776	4.723247	4.694798	4.666437	4.651139	4.635769	4.620412	4.605035	4.578085	4.578505	4.564855	4.553873	4.542525	4.529056	4.464639	4.385942	4.406912	4.405472	4.408069	4.396355	4.406513	4.459227	4.493593	4.435053	4.379694	4.32443	4.320821	4.224557	4.204089	4.142193	4.074306	4.05464	4.02531	4.036398	4.038295	4.009272	3.979375	3.978472	3.999729	4.011259	4.025776	4.042342	4.065636	4.0713	4.083223	4.090159	4.103841	4.118691	4.127263	4.131135	4.134295	4.136745	4.138496	4.139559	4.139942	4.139657	4.138712	4.137117	4.134881	4.132012	4.12852	4.124413	4.119699	4.114387	4.108484	4.102	4.094941	4.087316	4.079133	4.070398	4.061121	4.051308	4.040967	4.030105	4.01873	4.006849	3.994469	3.981599	3.968244	3.954413	3.940112	3.92535	3.910131	3.894465	3.878358	3.861818	3.844851	3.827464	3.809665	3.79146	3.772858	3.753864	3.734486	3.714731	3.694607	3.67412	3.653277	3.632086	3.610553	3.588686	3.566493	3.543979	3.521153	3.498021	3.474592	3.450871	3.426866	3.402585	3.378035	3.353222	3.328155	3.302841	3.277287	3.2515	3.225487	3.199257	3.172816	3.146173	3.119333	3.092305	3.065096	3.037715	3.010167	2.982461	2.954604	2.926604
270	Gambia	23	4.92646	4.924623	4.922766	4.9209	4.91894	4.916838	4.914534	4.912059	4.909609	4.907211	4.904657	4.901883	4.898791	4.895234	4.891246	4.887078	4.882993	4.878844	4.874957	4.871202	4.867596	4.863226	4.858852	4.792095	4.767065	4.741852	4.716894	4.69274	4.669549	4.673598	4.677485	4.679729	4.68019	4.664276	4.669227	4.654693	4.644136	4.632011	4.621129	4.588732	4.530084	4.536914	4.519588	4.502179	4.489413	4.508128	4.564538	4.608794	4.573347	4.540827	4.492537	4.485981	4.421807	4.411408	4.367666	4.314134	4.292376	4.288355	4.319916	4.330896	4.301758	4.271288	4.248552	4.260472	4.280931	4.304822	4.331558	4.375817	4.406358	4.423024	4.434041	4.45183	4.470212	4.481914	4.490145	4.497668	4.504486	4.510608	4.516045	4.520804	4.524895	4.528326	4.531105	4.533241	4.534741	4.535613	4.535864	4.535501	4.534532	4.532963	4.530801	4.528053	4.524726	4.520825	4.516357	4.511328	4.505745	4.499614	4.49294	4.48573	4.47799	4.469724	4.46094	4.451643	4.441839	4.431533	4.420731	4.409438	4.397661	4.385404	4.372674	4.359475	4.345814	4.331696	4.317126	4.30211	4.286654	4.270762	4.254441	4.237696	4.220532	4.202956	4.184972	4.166586	4.147804	4.128631	4.109074	4.089137	4.068827	4.048149	4.027109	4.005713	3.983966	3.961875	3.939445	3.916682	3.893592	3.870182	3.846457	3.822423	3.798087	3.773455	3.748532	3.723325	3.697841	3.672086	3.646066	3.619788	3.593259	3.566484	3.53947
270	Gambia	24	4.852955	4.854146	4.855233	4.856225	4.857049	4.857646	4.857958	4.858014	4.858007	4.857954	4.85767	4.857099	4.856151	4.854689	4.85276	4.850596	4.84842	4.846148	4.8441	4.842152	4.840324	4.837741	4.835116	4.769251	4.746272	4.72307	4.700112	4.677873	4.65651	4.673046	4.689436	4.704291	4.717479	4.713023	4.720975	4.710204	4.703179	4.694576	4.687063	4.676297	4.639072	4.630569	4.598814	4.563526	4.547696	4.561909	4.609448	4.657214	4.639645	4.628851	4.594383	4.590265	4.554947	4.545872	4.519504	4.480308	4.462489	4.484124	4.529399	4.550263	4.523875	4.495881	4.457141	4.461166	4.489186	4.521321	4.557247	4.616706	4.670054	4.691145	4.705956	4.727484	4.749087	4.763688	4.776403	4.788449	4.799828	4.810547	4.820616	4.830042	4.838835	4.847	4.854546	4.86148	4.867808	4.873538	4.878674	4.883223	4.887192	4.890585	4.893409	4.895668	4.897369	4.898516	4.899113	4.899167	4.898682	4.897661	4.896111	4.894035	4.891438	4.888323	4.884696	4.880561	4.87592	4.870779	4.865142	4.859012	4.852393	4.845289	4.837704	4.829641	4.821105	4.812098	4.802625	4.79269	4.782295	4.771445	4.760142	4.748392	4.736197	4.723561	4.710487	4.696979	4.683042	4.668677	4.65389	4.638684	4.623062	4.607028	4.590586	4.57374	4.556493	4.53885	4.520814	4.502389	4.48358	4.464389	4.444822	4.424882	4.404574	4.383902	4.36287	4.341482	4.319743	4.297657	4.275229	4.252464	4.229366	4.20594	4.18219
270	Gambia	25	4.781601	4.784574	4.787321	4.789846	4.792132	4.794152	4.795883	4.797339	4.798592	4.799645	4.800447	4.800987	4.801242	4.801172	4.800809	4.800229	4.799481	4.7986	4.797708	4.796772	4.795801	4.79451	4.793122	4.734765	4.713698	4.692469	4.67129	4.650312	4.629605	4.650544	4.671385	4.69168	4.711365	4.717195	4.729398	4.726761	4.726952	4.726253	4.724718	4.726067	4.707928	4.68591	4.642636	4.594694	4.576858	4.582217	4.618045	4.664976	4.659723	4.66628	4.648816	4.654241	4.639987	4.627611	4.615209	4.588158	4.575609	4.613729	4.662939	4.689744	4.671393	4.651394	4.608641	4.610542	4.645065	4.684182	4.727708	4.793203	4.859493	4.883067	4.900181	4.923754	4.947131	4.963514	4.980663	4.99721	5.013154	5.028504	5.043268	5.057453	5.071066	5.084116	5.096607	5.108547	5.119942	5.130796	5.141116	5.150907	5.160173	5.16892	5.177151	5.184872	5.192086	5.198797	5.205009	5.210726	5.215952	5.220689	5.224941	5.228711	5.232003	5.234818	5.23716	5.239031	5.240435	5.241373	5.241848	5.241862	5.241418	5.240518	5.239163	5.237356	5.235099	5.232394	5.229243	5.225647	5.221608	5.217128	5.21221	5.206853	5.201061	5.194834	5.188174	5.181084	5.173564	5.165615	5.157241	5.148441	5.139218	5.129574	5.119509	5.109026	5.098125	5.086809	5.07508	5.062938	5.050385	5.037424	5.024056	5.010283	4.996106	4.981527	4.966549	4.951173	4.935401	4.919236	4.90268	4.885735	4.868403	4.850685	4.832586
270	Gambia	26	4.69678	4.700513	4.703898	4.706932	4.709675	4.712141	4.714365	4.716336	4.71796	4.719222	4.720251	4.721095	4.721816	4.722504	4.723163	4.723663	4.723832	4.723837	4.723526	4.722991	4.722225	4.721741	4.721108	4.677978	4.659351	4.640655	4.621726	4.602309	4.582356	4.599866	4.617321	4.635529	4.654516	4.668787	4.687597	4.696729	4.7076	4.718627	4.726306	4.732252	4.729729	4.69721	4.645849	4.591567	4.574226	4.571268	4.597478	4.640647	4.642972	4.661278	4.661837	4.683769	4.681609	4.663954	4.661303	4.643537	4.63486	4.676312	4.718902	4.745559	4.741337	4.735581	4.702534	4.709376	4.749328	4.794094	4.843406	4.905122	4.971771	4.995596	5.013571	5.037404	5.061092	5.078308	5.099893	5.120964	5.141518	5.161565	5.181111	5.200165	5.218732	5.236821	5.254435	5.271582	5.288266	5.304493	5.320268	5.335594	5.350477	5.36492	5.378927	5.392501	5.405647	5.418366	5.430663	5.442539	5.453998	5.465042	5.475673	5.485893	5.495704	5.505109	5.514108	5.522703	5.530897	5.538689	5.546082	5.553076	5.559672	5.565871	5.571674	5.577082	5.582094	5.586713	5.590937	5.594767	5.598204	5.601248	5.603898	5.606155	5.608019	5.60949	5.610566	5.61125	5.611539	5.611433	5.610933	5.610038	5.608748	5.607062	5.604979	5.6025	5.599623	5.596348	5.592675	5.588604	5.584132	5.579261	5.573989	5.568316	5.562241	5.555764	5.548884	5.541601	5.533915	5.525825	5.517331	5.508433	5.49913	5.489421	5.479307
270	Gambia	27	4.554556	4.558686	4.562372	4.565606	4.568512	4.57114	4.57357	4.575774	4.577517	4.578772	4.579816	4.580744	4.581689	4.582849	4.584207	4.585458	4.586251	4.586859	4.5869	4.586571	4.585852	4.58592	4.585801	4.560953	4.546882	4.532829	4.518312	4.50274	4.485963	4.498379	4.510764	4.524982	4.541126	4.562219	4.590264	4.612676	4.636038	4.66048	4.679475	4.68564	4.693049	4.65456	4.598631	4.543122	4.528943	4.522367	4.546421	4.586548	4.59334	4.618082	4.631057	4.670271	4.674088	4.652617	4.655593	4.644136	4.638852	4.675569	4.70923	4.733664	4.744293	4.753497	4.736399	4.751592	4.79669	4.846539	4.900587	4.955993	5.01681	5.040252	5.058874	5.082831	5.106954	5.125152	5.151244	5.176905	5.202133	5.226936	5.251322	5.275296	5.298866	5.322038	5.344816	5.367207	5.389215	5.410844	5.4321	5.452985	5.473504	5.493661	5.513457	5.532897	5.551984	5.570719	5.589105	5.607144	5.624839	5.642191	5.659201	5.675871	5.692203	5.708197	5.723854	5.739176	5.754162	5.768813	5.78313	5.797113	5.810762	5.824077	5.837058	5.849704	5.862015	5.87399	5.88563	5.896932	5.907897	5.918524	5.928811	5.938757	5.948361	5.957622	5.966538	5.975108	5.98333	5.991203	5.998726	6.005895	6.01271	6.019169	6.025269	6.031009	6.036386	6.0414	6.046046	6.050324	6.054231	6.057765	6.060923	6.063704	6.066104	6.068123	6.069756	6.071002	6.07186	6.072325	6.072397	6.072072	6.07135	6.070225	6.068698
270	Gambia	28	4.35107	4.355446	4.359323	4.36269	4.36571	4.368454	4.37103	4.373398	4.375241	4.376521	4.377607	4.378621	4.379742	4.381231	4.383057	4.384812	4.386036	4.387064	4.387379	4.387238	4.386616	4.387091	4.38736	4.382454	4.375117	4.367852	4.359988	4.350723	4.339844	4.347044	4.354217	4.363873	4.376144	4.402371	4.441647	4.477591	4.51413	4.552392	4.583942	4.587685	4.599533	4.559646	4.502612	4.45042	4.441894	4.437317	4.467018	4.505339	4.514385	4.540822	4.559722	4.615036	4.620058	4.597344	4.602371	4.594643	4.592021	4.617536	4.641753	4.662486	4.687301	4.710776	4.713422	4.739022	4.788761	4.842873	4.900372	4.948294	4.998538	5.02105	5.040083	5.064031	5.088654	5.107884	5.138205	5.168176	5.197794	5.227067	5.256001	5.284603	5.312878	5.340832	5.368471	5.395799	5.42282	5.449539	5.47596	5.502086	5.52792	5.553465	5.578725	5.603702	5.628398	5.652816	5.676957	5.700823	5.724415	5.747735	5.770785	5.793564	5.816074	5.838315	5.860289	5.881994	5.903432	5.924601	5.945503	5.966137	5.986502	6.006597	6.026422	6.045976	6.065258	6.084267	6.103001	6.12146	6.13964	6.157542	6.175162	6.1925	6.209553	6.226319	6.242796	6.258981	6.274873	6.290468	6.305763	6.320758	6.335447	6.34983	6.363902	6.37766	6.391102	6.404225	6.417024	6.429497	6.44164	6.45345	6.464924	6.476057	6.486846	6.497288	6.507378	6.517114	6.526491	6.535504	6.544152	6.552431	6.560335	6.567861	6.575005
270	Gambia	29	4.114194	4.118944	4.123207	4.12697	4.130395	4.133553	4.136549	4.139344	4.141624	4.143351	4.14489	4.146365	4.147953	4.149911	4.152213	4.15445	4.156164	4.157692	4.158521	4.158907	4.158823	4.159833	4.160644	4.175304	4.175548	4.175846	4.175532	4.173793	4.170415	4.17327	4.176059	4.181284	4.189076	4.218372	4.267655	4.314042	4.361147	4.410154	4.452627	4.455378	4.469137	4.431016	4.375935	4.330043	4.328444	4.330553	4.369219	4.405558	4.416741	4.442591	4.463591	4.531059	4.535893	4.515588	4.521483	4.516834	4.514859	4.525863	4.540534	4.5555	4.592515	4.628347	4.650425	4.685731	4.73795	4.793698	4.851673	4.890241	4.9261	4.946023	4.963899	4.986126	5.009518	5.028259	5.060826	5.093116	5.125128	5.15687	5.188348	5.219568	5.250537	5.28126	5.311742	5.341989	5.372004	5.401792	5.431357	5.460702	5.489831	5.518747	5.547453	5.575952	5.604245	5.632335	5.660225	5.687915	5.715408	5.742705	5.769806	5.796714	5.823428	5.84995	5.87628	5.902417	5.928364	5.954118	5.979681	6.005051	6.030229	6.055213	6.080002	6.104597	6.128995	6.153195	6.177196	6.200997	6.224595	6.247989	6.271177	6.294157	6.316926	6.339483	6.361824	6.383948	6.405851	6.42753	6.448983	6.470207	6.491198	6.511954	6.53247	6.552743	6.57277	6.592547	6.612071	6.631336	6.65034	6.669078	6.687546	6.70574	6.723655	6.741287	6.758632	6.775685	6.792442	6.808897	6.825046	6.840886	6.85641	6.871614	6.886492
270	Gambia	30	3.860673	3.865803	3.870509	3.874783	3.87875	3.882454	3.885974	3.889281	3.892147	3.894541	3.89674	3.898837	3.900966	3.90332	3.905887	3.908364	3.910396	3.912267	3.913603	3.914596	3.915227	3.916649	3.917902	3.951773	3.959479	3.967144	3.974301	3.980321	3.985044	3.983413	3.98165	3.981626	3.983427	4.013395	4.069817	4.122116	4.175724	4.231008	4.281378	4.286403	4.301246	4.26837	4.218828	4.182465	4.189528	4.203251	4.252709	4.28646	4.300837	4.324683	4.346135	4.421331	4.426261	4.413115	4.419826	4.418885	4.4143	4.406951	4.410316	4.416129	4.464179	4.511206	4.552104	4.595698	4.646746	4.700287	4.75473	4.780613	4.797358	4.813126	4.828829	4.847702	4.868172	4.885366	4.917819	4.950066	4.982106	5.013947	5.045597	5.077062	5.108349	5.139465	5.170414	5.201203	5.231837	5.26232	5.292658	5.322853	5.352911	5.382836	5.412629	5.442296	5.471839	5.50126	5.530563	5.55975	5.588822	5.617783	5.646633	5.675374	5.704008	5.732536	5.760959	5.789278	5.817494	5.845606	5.873617	5.901524	5.92933	5.957033	5.984634	6.012131	6.039524	6.066813	6.093997	6.121074	6.148044	6.174904	6.201654	6.228291	6.254815	6.281223	6.307512	6.333682	6.359729	6.385651	6.411445	6.437109	6.462639	6.488033	6.513288	6.5384	6.563367	6.588183	6.612846	6.637353	6.661698	6.685879	6.709891	6.733729	6.75739	6.780869	6.804162	6.827264	6.85017	6.872875	6.895376	6.917667	6.939742	6.961596	6.983225
270	Gambia	31	3.59708	3.602545	3.60763	3.612329	3.616734	3.620872	3.624797	3.628488	3.631788	3.634671	3.63734	3.639868	3.642353	3.644934	3.647614	3.650172	3.65234	3.654356	3.655963	3.6573	3.658354	3.659949	3.661391	3.707701	3.722358	3.736928	3.751108	3.764415	3.776729	3.774707	3.772529	3.771564	3.77186	3.801422	3.858773	3.911074	3.96505	4.020434	4.072165	4.082336	4.098764	4.074548	4.034187	4.00806	4.023491	4.047759	4.10369	4.13437	4.153603	4.177332	4.197425	4.269735	4.281741	4.279481	4.289609	4.295524	4.290963	4.27358	4.271571	4.271925	4.323984	4.37505	4.423714	4.467428	4.512868	4.55997	4.60694	4.623639	4.627126	4.63949	4.65375	4.669641	4.687281	4.70321	4.732872	4.762381	4.791736	4.820946	4.85002	4.878966	4.907791	4.936502	4.965107	4.993611	5.022022	5.050344	5.078583	5.106745	5.134834	5.162856	5.190814	5.218713	5.246557	5.27435	5.302095	5.329795	5.357454	5.385076	5.412661	5.440214	5.467736	5.495229	5.522696	5.550139	5.577559	5.604957	5.632335	5.659695	5.687037	5.714361	5.741669	5.768962	5.796238	5.8235	5.850746	5.877977	5.905192	5.932392	5.959574	5.98674	6.013887	6.041016	6.068124	6.09521	6.122274	6.149313	6.176327	6.203312	6.230267	6.25719	6.284079	6.310931	6.337743	6.364514	6.39124	6.417919	6.444547	6.471121	6.497638	6.524094	6.550486	6.57681	6.603063	6.62924	6.655338	6.681351	6.707278	6.733112	6.75885	6.784486	6.810016
270	Gambia	32	3.329386	3.335072	3.34039	3.345334	3.349978	3.354335	3.358442	3.362285	3.365751	3.368817	3.371642	3.374282	3.376814	3.379345	3.381884	3.384267	3.386277	3.388129	3.389639	3.390916	3.39195	3.393357	3.394611	3.44692	3.467586	3.488179	3.508499	3.528157	3.547058	3.548059	3.548933	3.550738	3.553497	3.581725	3.633947	3.680633	3.729122	3.778775	3.825552	3.843873	3.862909	3.850396	3.822415	3.806929	3.830493	3.86407	3.922038	3.94935	3.975259	4.00098	4.018811	4.078609	4.104631	4.116676	4.132928	4.148884	4.146587	4.127064	4.124886	4.123124	4.173026	4.221791	4.267798	4.303926	4.339508	4.376279	4.412267	4.423073	4.419048	4.429078	4.443087	4.456743	4.472036	4.487453	4.5121	4.536634	4.561056	4.585376	4.609602	4.633746	4.657814	4.681816	4.705759	4.729651	4.753499	4.77731	4.801089	4.824845	4.848582	4.872306	4.896023	4.919738	4.943455	4.967181	4.990918	5.014673	5.038447	5.062247	5.086075	5.109934	5.133829	5.157763	5.181738	5.205758	5.229824	5.25394	5.278108	5.30233	5.326609	5.350945	5.375342	5.399799	5.42432	5.448904	5.473554	5.49827	5.523053	5.547904	5.572824	5.597812	5.62287	5.647996	5.673192	5.698457	5.723792	5.749194	5.774665	5.800203	5.825808	5.851479	5.877214	5.903013	5.928874	5.954796	5.980777	6.006816	6.032911	6.059059	6.085259	6.111508	6.137805	6.164146	6.19053	6.216953	6.243413	6.269906	6.296431	6.322983	6.349561	6.376158	6.402773
270	Gambia	33	3.036231	3.042582	3.048573	3.054199	3.059522	3.064543	3.069289	3.07375	3.077842	3.081544	3.084985	3.08821	3.091284	3.094289	3.097244	3.100018	3.102422	3.104664	3.106606	3.108336	3.109845	3.111606	3.113206	3.164124	3.191031	3.217916	3.244655	3.270906	3.296588	3.306793	3.316915	3.327806	3.339485	3.367281	3.412944	3.452713	3.494142	3.536391	3.576089	3.601993	3.622355	3.620083	3.602927	3.594361	3.6227	3.661445	3.718509	3.74345	3.775448	3.804927	3.816561	3.857784	3.900651	3.925241	3.948209	3.973848	3.978656	3.968815	3.976515	3.979948	4.02009	4.059046	4.091716	4.114901	4.142153	4.169793	4.196073	4.209296	4.20831	4.21698	4.230183	4.242089	4.255285	4.269372	4.288438	4.307423	4.326331	4.345172	4.363956	4.382694	4.401395	4.420067	4.438719	4.457359	4.475995	4.494635	4.513286	4.531954	4.550646	4.569369	4.588128	4.60693	4.625779	4.644682	4.663643	4.682668	4.70176	4.720925	4.740168	4.759491	4.7789	4.798397	4.817988	4.837674	4.85746	4.877349	4.897344	4.917447	4.937661	4.95799	4.978435	4.998999	5.019683	5.040491	5.061424	5.082483	5.103671	5.124989	5.146438	5.16802	5.189735	5.211586	5.233572	5.255695	5.277955	5.300353	5.32289	5.345565	5.368379	5.391332	5.414424	5.437655	5.461024	5.484532	5.508178	5.531961	5.55588	5.579935	5.604126	5.628449	5.652906	5.677494	5.702212	5.727058	5.752032	5.777131	5.802353	5.827698	5.853163	5.878744	5.904441
270	Gambia	34	2.727934	2.735304	2.742323	2.748985	2.755345	2.761397	2.767161	2.77263	2.777735	2.782456	2.786904	2.791122	2.795163	2.799098	2.80295	2.806605	2.809887	2.813003	2.815844	2.818479	2.820903	2.823497	2.825916	2.869493	2.902421	2.935399	2.968357	3.000961	3.033137	3.057033	3.080895	3.105451	3.130734	3.158812	3.196988	3.229035	3.262387	3.296142	3.327313	3.359972	3.380615	3.386711	3.378454	3.373315	3.403325	3.443459	3.496971	3.520285	3.557535	3.592142	3.594956	3.613711	3.674804	3.709789	3.739672	3.774207	3.789602	3.79862	3.823759	3.83793	3.862636	3.886222	3.897564	3.904164	3.924762	3.944643	3.962653	3.984646	3.994899	4.002787	4.01441	4.02471	4.035759	4.047549	4.060731	4.073864	4.086952	4.100006	4.113036	4.126052	4.139065	4.152083	4.165115	4.17817	4.191254	4.204377	4.217546	4.230766	4.244046	4.257392	4.270809	4.284304	4.297883	4.311551	4.325313	4.339175	4.353141	4.367216	4.381405	4.395712	4.410141	4.424697	4.439382	4.454201	4.469158	4.484255	4.499497	4.514885	4.530424	4.546116	4.561964	4.577971	4.594139	4.61047	4.626967	4.643632	4.660467	4.677474	4.694655	4.712012	4.729546	4.747259	4.765152	4.783226	4.801484	4.819926	4.838553	4.857365	4.876365	4.895553	4.914929	4.934494	4.954248	4.974193	4.994327	5.014652	5.035168	5.055874	5.076771	5.097859	5.119136	5.140603	5.16226	5.184106	5.20614	5.228362	5.250771	5.273366	5.296148	5.319112	5.342261
270	Gambia	35	2.452147	2.46026	2.468026	2.475441	2.482556	2.489364	2.495883	2.502105	2.507966	2.513442	2.518644	2.523613	2.5284	2.533074	2.537658	2.54204	2.54604	2.549868	2.55342	2.556757	2.559873	2.563129	2.56619	2.6012	2.637869	2.674656	2.711509	2.748075	2.784277	2.819589	2.854928	2.890994	2.927843	2.955153	2.983703	3.006354	3.029878	3.053493	3.074317	3.113174	3.134469	3.148398	3.148852	3.146797	3.177603	3.217493	3.264346	3.284891	3.326531	3.366349	3.36317	3.35988	3.437986	3.482621	3.519365	3.562469	3.586726	3.613768	3.653792	3.676871	3.686599	3.695373	3.685588	3.675755	3.688506	3.699469	3.7082	3.736407	3.756217	3.762374	3.771347	3.778824	3.786423	3.794773	3.801303	3.807826	3.814346	3.820874	3.827421	3.833996	3.84061	3.84727	3.853985	3.860764	3.867614	3.874542	3.881556	3.888662	3.895867	3.903176	3.910597	3.918134	3.925792	3.933578	3.941495	3.94955	3.957746	3.966087	3.974579	3.983225	3.99203	4.000996	4.010127	4.019428	4.028901	4.03855	4.048377	4.058386	4.06858	4.078961	4.089532	4.100296	4.111255	4.122412	4.133768	4.145326	4.157088	4.169056	4.181233	4.193618	4.206216	4.219027	4.232052	4.245294	4.258754	4.272434	4.286333	4.300455	4.3148	4.329369	4.344163	4.359184	4.374431	4.389907	4.405612	4.421546	4.43771	4.454106	4.470732	4.487591	4.504682	4.522006	4.539563	4.557353	4.575377	4.593634	4.612125	4.63085	4.64981	4.669002	4.688428
270	Gambia	36	2.254608	2.262379	2.269782	2.276809	2.283515	2.289892	2.295962	2.301713	2.307079	2.312035	2.316695	2.321101	2.325305	2.329379	2.333345	2.337085	2.340422	2.343561	2.346394	2.348986	2.35133	2.353806	2.356067	2.388031	2.423526	2.459165	2.494884	2.530327	2.565417	2.60113	2.636915	2.673501	2.710943	2.734354	2.748821	2.758065	2.767984	2.777965	2.785219	2.834251	2.860941	2.885133	2.897228	2.902654	2.938114	2.981659	3.01968	3.035079	3.083013	3.127389	3.129025	3.109088	3.20273	3.260575	3.305153	3.358805	3.382094	3.412297	3.450673	3.470212	3.474908	3.478549	3.458211	3.436228	3.435013	3.432048	3.427017	3.447327	3.461892	3.465066	3.472835	3.476556	3.479886	3.486248	3.485573	3.484958	3.484407	3.483929	3.483535	3.483233	3.483031	3.482937	3.48296	3.483106	3.483381	3.483793	3.484347	3.485049	3.485904	3.486918	3.488095	3.489441	3.490959	3.492654	3.494531	3.496592	3.498842	3.501284	3.503922	3.506758	3.509797	3.513041	3.516492	3.520155	3.52403	3.528122	3.532431	3.536962	3.541715	3.546693	3.551899	3.557333	3.562999	3.568898	3.575032	3.581403	3.588012	3.594861	3.601952	3.609286	3.616865	3.62469	3.632763	3.641085	3.649657	3.658481	3.667557	3.676888	3.686474	3.696317	3.706418	3.716777	3.727396	3.738276	3.749418	3.760823	3.772492	3.784426	3.796626	3.809092	3.821826	3.834828	3.848099	3.86164	3.875453	3.889536	3.903892	3.918522	3.933426	3.948603	3.964056
270	Gambia	37	2.074112	2.081135	2.087758	2.093975	2.099844	2.105363	2.110557	2.115414	2.119852	2.123848	2.127527	2.130935	2.13413	2.137195	2.140148	2.142857	2.145133	2.147185	2.148882	2.150304	2.151441	2.152743	2.153809	2.184251	2.216714	2.249336	2.282014	2.314382	2.346354	2.378641	2.411037	2.444374	2.478701	2.497673	2.498479	2.495049	2.492139	2.489403	2.483956	2.542128	2.574722	2.607974	2.630637	2.643528	2.683583	2.730415	2.75931	2.769398	2.822726	2.870456	2.879731	2.847423	2.953072	3.022376	3.07357	3.136351	3.155797	3.184295	3.215877	3.228643	3.231983	3.234087	3.207901	3.17687	3.161853	3.145555	3.127571	3.136884	3.14284	3.143262	3.150569	3.150975	3.150587	3.155819	3.149063	3.14244	3.135952	3.129607	3.123414	3.117378	3.111507	3.105808	3.100285	3.094945	3.089792	3.084832	3.080068	3.075505	3.071147	3.066997	3.063059	3.059336	3.055831	3.052546	3.049485	3.04665	3.044044	3.041667	3.039524	3.037614	3.035942	3.034507	3.033312	3.032359	3.031649	3.031183	3.030963	3.03099	3.031265	3.031789	3.032565	3.033592	3.034871	3.036405	3.038193	3.040238	3.042539	3.045097	3.047914	3.05099	3.054327	3.057925	3.061784	3.065907	3.070292	3.074943	3.079858	3.085039	3.090487	3.096203	3.102187	3.10844	3.114963	3.121756	3.128822	3.136159	3.14377	3.151655	3.159814	3.16825	3.176961	3.185951	3.195218	3.204764	3.214591	3.224699	3.235088	3.245761	3.256717	3.267958	3.279485
270	Gambia	38	1.904026	1.909997	1.915538	1.920639	1.925367	1.929725	1.933744	1.937412	1.940626	1.943363	1.945766	1.947886	1.949789	1.951571	1.953244	1.95466	1.955615	1.956321	1.956619	1.956602	1.956265	1.956144	1.955774	1.986249	2.014204	2.04232	2.07044	2.098185	2.125459	2.151047	2.176769	2.203588	2.231547	2.24582	2.23424	2.219569	2.205328	2.191475	2.174951	2.240759	2.279288	2.319895	2.351471	2.37136	2.415638	2.465293	2.485404	2.49029	2.547813	2.597547	2.616516	2.576548	2.690086	2.768545	2.824782	2.89476	2.907899	2.930241	2.950715	2.954075	2.959488	2.963447	2.936169	2.899574	2.8718	2.843521	2.814075	2.810101	2.804698	2.802576	2.809908	2.807414	2.803845	2.808589	2.79706	2.785737	2.77462	2.763715	2.753028	2.742563	2.732326	2.722319	2.712547	2.703014	2.693721	2.684672	2.675869	2.667315	2.659011	2.650959	2.643161	2.635617	2.62833	2.6213	2.614528	2.608015	2.601762	2.59577	2.590038	2.584568	2.579359	2.574412	2.569728	2.565306	2.561147	2.557251	2.553618	2.550247	2.547139	2.544295	2.541713	2.539394	2.537339	2.535546	2.534016	2.532748	2.531744	2.531002	2.530523	2.530307	2.530354	2.530663	2.531235	2.53207	2.533168	2.534529	2.536154	2.538041	2.540192	2.542607	2.545286	2.548229	2.551437	2.554909	2.558647	2.56265	2.566919	2.571454	2.576256	2.581326	2.586664	2.59227	2.598145	2.604289	2.610705	2.617391	2.62435	2.631582	2.639087	2.646866	2.654922
270	Gambia	39	1.755279	1.760042	1.764363	1.768232	1.771712	1.774811	1.777559	1.779943	1.781863	1.783297	1.784383	1.78517	1.785725	1.786139	1.786423	1.786435	1.785984	1.785265	1.784123	1.782654	1.780853	1.779252	1.777397	1.810763	1.832617	1.854576	1.876469	1.897956	1.918946	1.933589	1.948336	1.964132	1.980998	1.989912	1.967425	1.942659	1.918451	1.894844	1.869042	1.941539	1.986048	2.03225	2.070987	2.097708	2.146217	2.199553	2.211881	2.211215	2.271773	2.322216	2.353949	2.312252	2.428706	2.514708	2.574402	2.649548	2.65234	2.661783	2.665039	2.654356	2.666528	2.67712	2.655502	2.618201	2.57869	2.539413	2.499449	2.47748	2.454862	2.448942	2.455224	2.448637	2.440799	2.444188	2.428619	2.41334	2.398351	2.383653	2.36925	2.355143	2.341334	2.327823	2.314612	2.301702	2.289092	2.276782	2.264774	2.253065	2.241657	2.230547	2.219736	2.209222	2.199005	2.189084	2.179457	2.170123	2.161081	2.152329	2.143867	2.135693	2.127806	2.120204	2.112885	2.105849	2.099094	2.092618	2.086421	2.0805	2.074855	2.069483	2.064384	2.059557	2.055	2.050711	2.046691	2.042936	2.039448	2.036223	2.033262	2.030563	2.028125	2.025948	2.02403	2.022371	2.02097	2.019826	2.018939	2.018308	2.017932	2.017811	2.017944	2.018332	2.018974	2.019869	2.021017	2.022418	2.024073	2.02598	2.028141	2.030554	2.033221	2.036141	2.039315	2.042742	2.046424	2.050361	2.054553	2.059001	2.063706	2.068667	2.073887
270	Gambia	40	1.649387	1.65224	1.654632	1.656558	1.658066	1.659161	1.659867	1.660175	1.660008	1.65935	1.658311	1.65693	1.655261	1.653377	1.65129	1.648896	1.64605	1.642915	1.639376	1.63552	1.631345	1.627282	1.622972	1.665086	1.677812	1.690522	1.703076	1.71525	1.726974	1.722314	1.717691	1.713861	1.710787	1.712491	1.678229	1.642222	1.607292	1.573286	1.53825	1.62018	1.673786	1.726175	1.772888	1.809253	1.865026	1.926347	1.931902	1.924788	1.989893	2.039805	2.091675	2.054774	2.171317	2.267057	2.330161	2.41106	2.395017	2.377903	2.350553	2.315648	2.343866	2.370121	2.364806	2.332172	2.277923	2.225572	2.173371	2.12314	2.071468	2.061131	2.067859	2.057052	2.045029	2.048798	2.029964	2.01152	1.99346	1.975782	1.958485	1.941567	1.925025	1.908857	1.893059	1.877629	1.862564	1.84786	1.833514	1.819522	1.805882	1.792588	1.779639	1.767029	1.754756	1.742815	1.731203	1.719917	1.708953	1.698306	1.687974	1.677954	1.668241	1.658832	1.649724	1.640913	1.632396	1.624171	1.616233	1.608581	1.60121	1.594118	1.587302	1.58076	1.574488	1.568484	1.562746	1.557271	1.552057	1.547101	1.542402	1.537956	1.533763	1.52982	1.526125	1.522676	1.519472	1.516511	1.513792	1.511313	1.509073	1.50707	1.505303	1.503772	1.502474	1.501409	1.500577	1.499976	1.499606	1.499465	1.499554	1.499872	1.500418	1.501193	1.502195	1.503426	1.504884	1.506569	1.508483	1.510625	1.512995	1.515593	1.51842
270	Gambia	41	1.463886	1.46604	1.467787	1.469121	1.470081	1.47067	1.470907	1.470784	1.470243	1.469273	1.467958	1.46633	1.464429	1.462313	1.459993	1.457387	1.454387	1.451117	1.447492	1.44358	1.43938	1.435225	1.430838	1.473203	1.480524	1.487742	1.494749	1.501377	1.507574	1.494613	1.481654	1.469274	1.457434	1.455607	1.418856	1.380655	1.343642	1.307594	1.271061	1.348963	1.401107	1.451062	1.496484	1.533056	1.586406	1.645134	1.645844	1.635184	1.695597	1.742355	1.800242	1.769282	1.875422	1.96716	2.026817	2.10328	2.080359	2.054099	2.016068	1.973071	2.005261	2.035978	2.038309	2.01124	1.955785	1.901742	1.847792	1.787283	1.725287	1.710643	1.712484	1.696792	1.679821	1.67884	1.658784	1.639182	1.620023	1.601304	1.583019	1.565161	1.547725	1.530705	1.514095	1.497888	1.48208	1.466662	1.45163	1.436977	1.422697	1.408784	1.395232	1.382036	1.369188	1.356684	1.344517	1.332683	1.321176	1.309989	1.299119	1.288559	1.278305	1.268352	1.258694	1.249328	1.240248	1.231449	1.222928	1.214681	1.206702	1.198987	1.191534	1.184338	1.177395	1.170701	1.164254	1.158049	1.152083	1.146354	1.140858	1.135591	1.130552	1.125738	1.121145	1.116771	1.112614	1.108671	1.10494	1.10142	1.098107	1.095	1.092096	1.089395	1.086895	1.084593	1.082489	1.08058	1.078867	1.077346	1.076018	1.074881	1.073933	1.073176	1.072606	1.072225	1.07203	1.072022	1.0722	1.072563	1.073112	1.073846	1.074766
270	Gambia	42	1.230931	1.232968	1.234685	1.236078	1.237178	1.237989	1.238526	1.238782	1.238712	1.238306	1.23763	1.236708	1.235573	1.234269	1.232803	1.231107	1.229094	1.226857	1.224325	1.221545	1.218516	1.215493	1.212261	1.250004	1.254024	1.257872	1.261464	1.264653	1.267401	1.25214	1.236801	1.221813	1.207161	1.203946	1.170501	1.135776	1.102094	1.069253	1.036074	1.102136	1.146866	1.189282	1.227901	1.259342	1.304756	1.354799	1.35235	1.340251	1.390484	1.431867	1.48732	1.463804	1.552488	1.631536	1.683128	1.748591	1.725552	1.699353	1.661507	1.619507	1.649452	1.678749	1.684619	1.664248	1.615746	1.567185	1.518233	1.458031	1.396389	1.378324	1.373416	1.353519	1.332312	1.324953	1.305466	1.286456	1.267912	1.249827	1.232191	1.214995	1.198232	1.181893	1.16597	1.150454	1.135336	1.120609	1.106265	1.092295	1.078692	1.065448	1.052556	1.040008	1.027797	1.015915	1.004356	0.993113	0.98218	0.971549	0.961214	0.95117	0.941409	0.931927	0.922718	0.913775	0.905094	0.896668	0.888494	0.880566	0.872879	0.865428	0.858208	0.851217	0.844448	0.837898	0.831562	0.825438	0.81952	0.813806	0.808291	0.802972	0.797847	0.792911	0.788162	0.783596	0.779211	0.775004	0.770972	0.767113	0.763424	0.759903	0.756547	0.753354	0.750323	0.747451	0.744736	0.742176	0.73977	0.737517	0.735413	0.733459	0.731652	0.729992	0.728476	0.727104	0.725875	0.724788	0.723841	0.723035	0.722367	0.721838	0.721447
270	Gambia	43	0.997504	0.999917	1.002122	1.004117	1.005924	1.007547	1.008998	1.010272	1.011334	1.012175	1.012845	1.013361	1.013744	1.014027	1.014211	1.01424	1.014044	1.013686	1.013104	1.012323	1.011339	1.010324	1.009126	1.040077	1.042559	1.0448	1.046749	1.048259	1.049304	1.03559	1.021682	1.007848	0.994119	0.991041	0.964757	0.937177	0.910357	0.884131	0.857504	0.907436	0.941379	0.973314	1.001844	1.02502	1.059537	1.097764	1.09362	1.081274	1.118384	1.153551	1.201669	1.186732	1.254368	1.316027	1.357189	1.408162	1.389236	1.368623	1.337663	1.302047	1.326271	1.350933	1.358208	1.345382	1.308906	1.270116	1.230071	1.176178	1.120718	1.09926	1.085905	1.06166	1.036081	1.020804	1.002739	0.985156	0.968041	0.951384	0.935173	0.919399	0.904051	0.889117	0.87459	0.860457	0.84671	0.833338	0.820333	0.807685	0.795385	0.783425	0.771795	0.760488	0.749495	0.738808	0.72842	0.718323	0.708509	0.698972	0.689705	0.6807	0.671952	0.663454	0.655199	0.647182	0.639397	0.631838	0.624499	0.617377	0.610464	0.603756	0.597249	0.590938	0.584817	0.578884	0.573133	0.56756	0.562161	0.556933	0.551871	0.546973	0.542234	0.537651	0.533222	0.528942	0.524809	0.520819	0.516971	0.513261	0.509686	0.506245	0.502934	0.499751	0.496694	0.493762	0.490951	0.488259	0.485686	0.483228	0.480884	0.478653	0.476533	0.474522	0.472619	0.470822	0.469131	0.467543	0.466057	0.464673	0.46339	0.462206	0.46112
270	Gambia	44	0.778903	0.78205	0.785114	0.788096	0.791011	0.793861	0.796654	0.799387	0.802036	0.804596	0.807096	0.809544	0.811953	0.814337	0.816695	0.818984	0.821151	0.823225	0.825161	0.826952	0.828595	0.830164	0.831578	0.854522	0.856928	0.859029	0.860812	0.862126	0.862955	0.853651	0.844012	0.834128	0.824081	0.822279	0.805749	0.787755	0.770155	0.752807	0.734897	0.766304	0.787482	0.807165	0.823634	0.83662	0.858508	0.88313	0.878446	0.866699	0.889129	0.917671	0.955029	0.949092	0.993928	1.035448	1.064875	1.099403	1.087571	1.076372	1.056971	1.031469	1.047632	1.065457	1.07251	1.0675	1.046284	1.020016	0.991379	0.948001	0.90279	0.878123	0.855461	0.82698	0.797153	0.773196	0.757089	0.741453	0.726273	0.711538	0.697234	0.683349	0.669871	0.656789	0.644092	0.631767	0.619805	0.608195	0.596926	0.585989	0.575373	0.565071	0.555071	0.545367	0.535948	0.526807	0.517935	0.509325	0.500969	0.49286	0.48499	0.477353	0.469943	0.462751	0.455774	0.449003	0.442434	0.43606	0.429877	0.423879	0.41806	0.412417	0.406943	0.401635	0.396488	0.391498	0.38666	0.381971	0.377426	0.373022	0.368755	0.364622	0.360619	0.356743	0.352991	0.34936	0.345847	0.342449	0.339163	0.335987	0.332918	0.329954	0.327092	0.32433	0.321666	0.319098	0.316623	0.314241	0.311948	0.309744	0.307626	0.305592	0.303642	0.301774	0.299985	0.298276	0.296644	0.295088	0.293606	0.292199	0.290864	0.289601	0.288408
270	Gambia	45	0.567383	0.572193	0.577049	0.58195	0.58692	0.59197	0.597114	0.602344	0.607614	0.612914	0.618292	0.623758	0.629329	0.63503	0.640847	0.646701	0.65251	0.658294	0.663963	0.669501	0.6749	0.680282	0.685511	0.696674	0.701432	0.705837	0.709851	0.713212	0.715896	0.716702	0.716946	0.716754	0.7163	0.717749	0.714297	0.709157	0.703701	0.698081	0.690877	0.699232	0.703773	0.709276	0.710692	0.709804	0.716101	0.723249	0.71919	0.709394	0.713876	0.73679	0.758144	0.760703	0.781401	0.798591	0.814786	0.829972	0.832293	0.840616	0.843353	0.835763	0.83817	0.843861	0.845523	0.847716	0.847336	0.837698	0.823935	0.798288	0.770678	0.741879	0.706611	0.672361	0.636582	0.600421	0.586134	0.5723	0.558904	0.545931	0.533368	0.521203	0.509421	0.498012	0.486962	0.47626	0.465896	0.455857	0.446134	0.436716	0.427594	0.418757	0.410196	0.401903	0.393869	0.386085	0.378543	0.371236	0.364155	0.357295	0.350647	0.344204	0.337962	0.331912	0.326049	0.320366	0.31486	0.309522	0.30435	0.299337	0.294478	0.289769	0.285206	0.280783	0.276497	0.272343	0.268317	0.264417	0.260637	0.256975	0.253427	0.249989	0.246659	0.243434	0.24031	0.237285	0.234356	0.231521	0.228776	0.22612	0.223549	0.221063	0.218657	0.216332	0.214084	0.211911	0.209812	0.207785	0.205827	0.203939	0.202116	0.20036	0.198666	0.197036	0.195466	0.193955	0.192503	0.191109	0.18977	0.188486	0.187255	0.186078	0.184952
270	Gambia	46	0.42849	0.433253	0.438152	0.443189	0.448373	0.453705	0.459191	0.464828	0.470604	0.476512	0.482564	0.488757	0.495092	0.501566	0.50817	0.514866	0.521615	0.528403	0.535191	0.541931	0.548617	0.555206	0.561695	0.566766	0.571724	0.576323	0.580598	0.58435	0.587577	0.592435	0.596753	0.600393	0.603532	0.605862	0.608783	0.610106	0.610968	0.611409	0.610665	0.606793	0.602999	0.599805	0.59369	0.586455	0.583891	0.581694	0.576854	0.567833	0.563575	0.580291	0.592118	0.5983	0.604225	0.607921	0.616006	0.620579	0.627234	0.641314	0.65161	0.651593	0.6478	0.647764	0.64778	0.653251	0.661785	0.660377	0.65459	0.638859	0.621576	0.593505	0.555714	0.522125	0.487164	0.449238	0.437264	0.425697	0.414522	0.403725	0.393294	0.383215	0.373476	0.364064	0.35497	0.346181	0.337686	0.329475	0.321538	0.313866	0.306448	0.299277	0.292343	0.285638	0.279153	0.272882	0.266817	0.26095	0.255274	0.249784	0.244471	0.239331	0.234358	0.229544	0.224886	0.220378	0.216014	0.21179	0.207701	0.203743	0.19991	0.1962	0.192607	0.189128	0.18576	0.182497	0.179338	0.176279	0.173316	0.170447	0.167667	0.164976	0.162369	0.159845	0.1574	0.155032	0.152739	0.150518	0.148367	0.146285	0.144269	0.142317	0.140427	0.138598	0.136827	0.135114	0.133456	0.131852	0.1303	0.128799	0.127348	0.125945	0.124589	0.123279	0.122013	0.120791	0.119611	0.118472	0.117373	0.116314	0.115293	0.11431	0.113363
270	Gambia	47	0.316598	0.321088	0.32575	0.330587	0.3356	0.34079	0.34616	0.351708	0.357433	0.363333	0.369403	0.375639	0.382035	0.388582	0.39527	0.402077	0.40898	0.415953	0.422974	0.429987	0.436985	0.443875	0.450695	0.451709	0.456523	0.461003	0.465204	0.468953	0.472254	0.479335	0.485924	0.491801	0.497144	0.500046	0.506839	0.512125	0.516888	0.521144	0.524318	0.51327	0.504523	0.496617	0.486229	0.47546	0.468047	0.460728	0.456415	0.448896	0.439708	0.45209	0.457588	0.465738	0.462897	0.458639	0.461537	0.459627	0.468655	0.485653	0.500359	0.505169	0.497935	0.494529	0.493442	0.500664	0.514329	0.518215	0.517833	0.509345	0.499529	0.473621	0.436567	0.405421	0.373083	0.336364	0.326584	0.317151	0.308051	0.299272	0.290802	0.28263	0.274746	0.267137	0.259794	0.252708	0.245869	0.239267	0.232893	0.22674	0.220799	0.215063	0.209522	0.204172	0.199004	0.194011	0.189187	0.184527	0.180024	0.175671	0.171465	0.167399	0.163468	0.159668	0.155993	0.15244	0.149003	0.145679	0.142464	0.139353	0.136343	0.133431	0.130613	0.127885	0.125245	0.12269	0.120216	0.117821	0.115502	0.113256	0.111081	0.108975	0.106934	0.104958	0.103044	0.101189	0.099392	0.097651	0.095964	0.09433	0.092746	0.091211	0.089723	0.088281	0.086884	0.085529	0.084216	0.082944	0.081711	0.080515	0.079356	0.078233	0.077145	0.07609	0.075068	0.074077	0.073117	0.072187	0.071285	0.070412	0.069566	0.068747	0.067953
270	Gambia	48	0.225955	0.229887	0.233971	0.238209	0.242608	0.247171	0.251901	0.256799	0.261854	0.267062	0.272431	0.277959	0.283644	0.289488	0.295479	0.301587	0.307781	0.314043	0.320337	0.32662	0.332884	0.339093	0.345244	0.344395	0.348565	0.352455	0.35609	0.359294	0.362063	0.369193	0.375901	0.382066	0.387854	0.390891	0.398914	0.405521	0.411643	0.41735	0.42183	0.40883	0.398682	0.390117	0.37885	0.367558	0.359423	0.351362	0.348842	0.343507	0.333292	0.343042	0.345617	0.354191	0.348465	0.341871	0.342464	0.338213	0.347291	0.363776	0.379146	0.385617	0.378033	0.373899	0.372593	0.380128	0.394879	0.40096	0.403284	0.399003	0.393408	0.371218	0.338436	0.311679	0.283947	0.251686	0.244015	0.236616	0.229476	0.222587	0.21594	0.209526	0.203336	0.197363	0.191598	0.186033	0.180662	0.175477	0.170472	0.165639	0.160973	0.156467	0.152115	0.147912	0.143852	0.13993	0.136141	0.132479	0.128942	0.125522	0.122218	0.119023	0.115935	0.112949	0.110062	0.10727	0.104569	0.101957	0.09943	0.096985	0.094619	0.092329	0.090113	0.087968	0.085891	0.08388	0.081933	0.080048	0.078221	0.076452	0.074738	0.073077	0.071468	0.069909	0.068397	0.066932	0.065511	0.064134	0.062798	0.061503	0.060246	0.059028	0.057845	0.056698	0.055585	0.054504	0.053456	0.052438	0.05145	0.050491	0.049559	0.048655	0.047776	0.046923	0.046094	0.045289	0.044507	0.043747	0.043008	0.04229	0.041593	0.040915	0.040256
270	Gambia	49	0.140133	0.142988	0.145952	0.149025	0.152213	0.155519	0.158946	0.162495	0.166156	0.169926	0.173812	0.177815	0.181934	0.186172	0.19052	0.194954	0.199449	0.203994	0.208559	0.213114	0.217654	0.222162	0.226627	0.225519	0.22842	0.231119	0.233629	0.235817	0.237678	0.242983	0.247982	0.252605	0.256973	0.259336	0.265938	0.271334	0.276414	0.281203	0.285022	0.27476	0.266608	0.259983	0.251011	0.242182	0.235992	0.230118	0.229264	0.22613	0.21817	0.224968	0.226262	0.233202	0.228048	0.222637	0.222459	0.218556	0.225156	0.23724	0.249018	0.254187	0.248608	0.245512	0.244648	0.250693	0.262329	0.267706	0.270383	0.268287	0.265047	0.24925	0.225587	0.206489	0.186694	0.163431	0.158278	0.153304	0.148502	0.143867	0.139392	0.135073	0.130903	0.126877	0.122991	0.119238	0.115615	0.112117	0.108739	0.105476	0.102326	0.099283	0.096344	0.093505	0.090762	0.088112	0.085552	0.083079	0.080688	0.078378	0.076145	0.073987	0.0719	0.069883	0.067933	0.066047	0.064223	0.062458	0.060752	0.059101	0.057504	0.055959	0.054464	0.053016	0.051615	0.050259	0.048947	0.047676	0.046445	0.045253	0.044098	0.04298	0.041896	0.040846	0.039829	0.038843	0.037887	0.036961	0.036063	0.035192	0.034347	0.033528	0.032734	0.031963	0.031216	0.03049	0.029786	0.029103	0.02844	0.027796	0.027171	0.026564	0.025975	0.025402	0.024846	0.024306	0.023781	0.023271	0.022775	0.022293	0.021825	0.021369	0.020927
270	Gambia	50	0.063661	0.064993	0.066376	0.067811	0.069295	0.070826	0.072401	0.07402	0.075694	0.077421	0.079192	0.081001	0.082842	0.084704	0.086588	0.088499	0.090441	0.092402	0.094392	0.096387	0.098388	0.100321	0.102234	0.102432	0.10346	0.104377	0.105221	0.105967	0.106623	0.108317	0.109856	0.111104	0.112105	0.112894	0.115444	0.117128	0.118781	0.120245	0.121551	0.118518	0.115695	0.11311	0.109423	0.105886	0.103792	0.102488	0.10259	0.101235	0.098456	0.101729	0.1032	0.106573	0.104706	0.103331	0.103628	0.102315	0.103991	0.107929	0.111865	0.112768	0.111303	0.110842	0.111177	0.114107	0.118634	0.120456	0.121106	0.118937	0.116008	0.108933	0.09872	0.09015	0.081214	0.070968	0.068625	0.066363	0.06418	0.062074	0.060041	0.05808	0.056187	0.05436	0.052597	0.050896	0.049254	0.04767	0.04614	0.044664	0.04324	0.041865	0.040537	0.039256	0.038019	0.036825	0.035672	0.034558	0.033483	0.032445	0.031443	0.030475	0.029539	0.028636	0.027763	0.02692	0.026106	0.025319	0.024558	0.023823	0.023113	0.022426	0.021762	0.021121	0.0205	0.0199	0.01932	0.018759	0.018216	0.017692	0.017184	0.016693	0.016217	0.015757	0.015312	0.014881	0.014464	0.014061	0.01367	0.013291	0.012925	0.01257	0.012226	0.011893	0.01157	0.011258	0.010955	0.010662	0.010377	0.010101	0.009834	0.009575	0.009324	0.00908	0.008844	0.008615	0.008393	0.008177	0.007968	0.007765	0.007568	0.007376	0.007191
270	Gambia	51	0.017237	0.017668	0.018119	0.01859	0.019076	0.019573	0.020077	0.02059	0.021124	0.021682	0.022248	0.022818	0.023384	0.023936	0.024475	0.025016	0.025574	0.026138	0.02673	0.027334	0.027951	0.028509	0.029064	0.02941	0.029608	0.029759	0.029899	0.030047	0.030212	0.030508	0.030752	0.030824	0.030731	0.030863	0.031571	0.031782	0.032063	0.032247	0.032574	0.032379	0.031815	0.031078	0.029972	0.028979	0.028605	0.028943	0.029363	0.029064	0.028623	0.029685	0.030425	0.031579	0.031144	0.031243	0.031477	0.031236	0.031005	0.031443	0.032072	0.031684	0.031698	0.031995	0.032445	0.033532	0.034725	0.035144	0.035226	0.034129	0.032626	0.030446	0.027447	0.024831	0.022107	0.019092	0.018404	0.017743	0.017107	0.016496	0.015908	0.015342	0.014799	0.014275	0.013772	0.013288	0.012823	0.012375	0.011944	0.01153	0.011131	0.010747	0.010378	0.010022	0.00968	0.009351	0.009034	0.008729	0.008436	0.008153	0.007881	0.007619	0.007366	0.007123	0.006889	0.006663	0.006446	0.006236	0.006035	0.00584	0.005653	0.005472	0.005298	0.00513	0.004968	0.004811	0.004661	0.004515	0.004375	0.00424	0.004109	0.003983	0.003862	0.003745	0.003631	0.003522	0.003416	0.003314	0.003216	0.003121	0.003029	0.00294	0.002854	0.002771	0.002691	0.002614	0.002539	0.002466	0.002396	0.002329	0.002263	0.0022	0.002138	0.002079	0.002022	0.001966	0.001912	0.00186	0.00181	0.001761	0.001714	0.001668	0.001624
270	Gambia	52	0.006206	0.006293	0.006392	0.006505	0.006624	0.006747	0.006869	0.006993	0.00713	0.007281	0.007434	0.007585	0.007725	0.007846	0.00795	0.008052	0.008168	0.008288	0.008434	0.008595	0.008773	0.008905	0.009041	0.00916	0.009226	0.009275	0.009338	0.009442	0.009595	0.009753	0.0099	0.009938	0.009863	0.009807	0.009836	0.009701	0.00961	0.009453	0.009516	0.009821	0.0099	0.009567	0.009391	0.00924	0.009037	0.009137	0.008991	0.008749	0.008812	0.008863	0.008864	0.00888	0.008703	0.008683	0.008709	0.008635	0.008394	0.008345	0.008319	0.00809	0.008028	0.00813	0.008323	0.008653	0.008931	0.009013	0.00901	0.008626	0.008097	0.007513	0.006739	0.006166	0.00567	0.005141	0.004974	0.004814	0.00466	0.004511	0.004367	0.004228	0.004095	0.003966	0.003841	0.003721	0.003606	0.003494	0.003386	0.003283	0.003182	0.003085	0.002992	0.002902	0.002815	0.002731	0.00265	0.002572	0.002496	0.002423	0.002353	0.002285	0.002219	0.002155	0.002094	0.002035	0.001977	0.001922	0.001869	0.001817	0.001767	0.001718	0.001672	0.001626	0.001583	0.00154	0.001499	0.00146	0.001421	0.001384	0.001348	0.001313	0.00128	0.001247	0.001216	0.001185	0.001155	0.001127	0.001099	0.001072	0.001046	0.001021	0.000996	0.000972	0.000949	0.000927	0.000905	0.000884	0.000864	0.000844	0.000825	0.000806	0.000788	0.00077	0.000753	0.000737	0.000721	0.000705	0.00069	0.000675	0.000661	0.000647	0.000633
270	Gambia	53	0.004404	0.004354	0.004316	0.004291	0.004273	0.004257	0.004239	0.004221	0.004217	0.004227	0.004237	0.004243	0.004238	0.00421	0.004163	0.004113	0.004079	0.004051	0.004051	0.004071	0.00411	0.004106	0.004109	0.004062	0.004137	0.004208	0.004305	0.004462	0.00469	0.004934	0.005184	0.00534	0.005393	0.005266	0.005006	0.004762	0.004538	0.00425	0.004241	0.004639	0.004947	0.004645	0.004835	0.004991	0.004681	0.004428	0.003797	0.003435	0.003612	0.003175	0.00271	0.002136	0.001956	0.001671	0.001555	0.001469	0.001402	0.001391	0.001256	0.001258	0.000957	0.000841	0.000861	0.000895	0.000924	0.000932	0.000932	0.000892	0.000838	0.000777	0.000697	0.00086	0.001222	0.001619	0.001647	0.001674	0.001701	0.001727	0.001752	0.001776	0.001799	0.001821	0.001843	0.001863	0.001882	0.0019	0.001917	0.001933	0.001948	0.001961	0.001973	0.001984	0.001994	0.002002	0.002009	0.002015	0.00202	0.002023	0.002025	0.002025	0.002024	0.002022	0.002019	0.002014	0.002008	0.002	0.001992	0.001982	0.001971	0.001958	0.001945	0.00193	0.001914	0.001897	0.001879	0.00186	0.00184	0.001819	0.001797	0.001774	0.00175	0.001725	0.0017	0.001674	0.001647	0.00162	0.001592	0.001564	0.001535	0.001505	0.001475	0.001445	0.001415	0.001384	0.001353	0.001322	0.001291	0.001259	0.001228	0.001197	0.001165	0.001134	0.001103	0.001072	0.001041	0.00101	0.00098	0.00095	0.00092	0.000891	0.000862
270	Gambia	54	0.002182	0.002148	0.00212	0.002099	0.002081	0.002064	0.002047	0.002029	0.002018	0.002015	0.002012	0.002006	0.001994	0.001971	0.001937	0.001903	0.001876	0.001852	0.001844	0.001845	0.001858	0.001847	0.001841	0.001807	0.001846	0.001884	0.001936	0.002022	0.002145	0.002277	0.002413	0.002501	0.002536	0.002466	0.002313	0.00218	0.002056	0.001898	0.001889	0.002101	0.002275	0.00212	0.002241	0.00234	0.002173	0.00202	0.001663	0.001467	0.001566	0.00131	0.00104	0.000706	0.000613	0.000448	0.000379	0.000334	0.00031	0.000306	0.000229	0.000244	7.4e-05	0	0	0	0	0	0	0	0	0	0	0.000129	0.000369	0.000631	0.000674	0.000719	0.000765	0.000813	0.000862	0.000912	0.000963	0.001015	0.001068	0.001122	0.001176	0.001231	0.001285	0.00134	0.001394	0.001448	0.0015	0.001552	0.001603	0.001652	0.001699	0.001745	0.001788	0.001829	0.001868	0.001903	0.001936	0.001966	0.001992	0.002015	0.002034	0.00205	0.002062	0.00207	0.002074	0.002075	0.002071	0.002064	0.002053	0.002038	0.002019	0.001997	0.001971	0.001943	0.001911	0.001875	0.001838	0.001797	0.001754	0.001709	0.001663	0.001614	0.001564	0.001512	0.00146	0.001407	0.001353	0.001298	0.001244	0.00119	0.001136	0.001082	0.001029	0.000977	0.000925	0.000875	0.000826	0.000778	0.000732	0.000687	0.000643	0.000602	0.000561	0.000523	0.000486	0.000451	0.000418
