country_code	country	age	2024	2025	2026	2027	2028	2029	2030	2031	2032	2033	2034	2035	2036	2037	2038	2039	2040	2041	2042	2043	2044	2045	2046	2047	2048	2049	2050	2051	2052	2053	2054	2055	2056	2057	2058	2059	2060	2061	2062	2063	2064	2065	2066	2067	2068	2069	2070	2071	2072	2073	2074	2075	2076	2077	2078	2079	2080	2081	2082	2083	2084	2085	2086	2087	2088	2089	2090	2091	2092	2093	2094	2095	2096	2097	2098	2099	2100
270	Gambia	0	40.629	40.721	40.776	40.829	40.885	40.931	40.999	41.07	41.158	41.284	41.392	41.502	41.602	41.734	41.873	41.981	42.056	42.131	42.215	42.239	42.222	42.176	42.15	42.151	42.055	41.928	41.842	41.74	41.617	41.493	41.317	41.196	41.095	40.96	40.85	40.744	40.636	40.534	40.358	40.228	40.091	39.98	39.767	39.637	39.492	39.342	39.254	39.06	38.911	38.74	38.629	38.452	38.28	38.092	37.909	37.715	37.523	37.317	37.089	36.847	36.614	36.383	36.168	35.997	35.829	35.64	35.501	35.326	35.126	34.933	34.745	34.508	34.303	34.127	33.976	33.751	33.577
270	Gambia	1	40.167	40.326	40.425	40.485	40.548	40.608	40.659	40.733	40.813	40.906	41.035	41.148	41.264	41.368	41.51	41.649	41.761	41.836	41.92	42.006	42.032	42.02	41.977	41.957	41.959	41.868	41.746	41.662	41.563	41.442	41.33	41.151	41.034	40.939	40.804	40.701	40.601	40.501	40.399	40.224	40.098	39.966	39.853	39.638	39.515	39.368	39.221	39.132	38.941	38.8	38.631	38.521	38.343	38.176	37.993	37.807	37.615	37.425	37.221	36.996	36.759	36.529	36.296	36.089	35.92	35.75	35.561	35.421	35.252	35.054	34.855	34.673	34.44	34.236	34.065	33.919	33.688
270	Gambia	2	39.472	39.966	40.129	40.229	40.294	40.358	40.42	40.475	40.555	40.637	40.731	40.863	40.979	41.097	41.207	41.348	41.49	41.601	41.683	41.767	41.854	41.883	41.872	41.833	41.814	41.819	41.731	41.611	41.529	41.43	41.319	41.204	41.029	40.917	40.821	40.692	40.594	40.5	40.399	40.297	40.127	40.005	39.871	39.755	39.546	39.421	39.277	39.128	39.041	38.858	38.718	38.55	38.438	38.264	38.102	37.916	37.731	37.542	37.353	37.15	36.93	36.696	36.464	36.237	36.032	35.862	35.691	35.5	35.365	35.199	34.996	34.801	34.622	34.391	34.191	34.024	33.872
270	Gambia	3	38.851	39.287	39.782	39.947	40.053	40.119	40.185	40.25	40.31	40.392	40.475	40.573	40.708	40.825	40.949	41.059	41.202	41.343	41.46	41.542	41.628	41.717	41.747	41.74	41.702	41.685	41.693	41.607	41.488	41.407	41.317	41.203	41.091	40.921	40.808	40.718	40.593	40.501	40.407	40.306	40.208	40.041	39.917	39.781	39.67	39.46	39.337	39.191	39.045	38.964	38.782	38.643	38.474	38.366	38.196	38.03	37.846	37.664	37.475	37.287	37.089	36.872	36.636	36.41	36.185	35.978	35.807	35.635	35.449	35.317	35.145	34.946	34.754	34.577	34.349	34.153	33.981
270	Gambia	4	38.166	38.681	39.12	39.615	39.784	39.891	39.959	40.028	40.098	40.16	40.244	40.33	40.43	40.566	40.69	40.813	40.926	41.067	41.214	41.331	41.414	41.502	41.592	41.626	41.62	41.584	41.57	41.579	41.494	41.376	41.304	41.211	41.1	40.992	40.821	40.714	40.627	40.508	40.415	40.321	40.224	40.129	39.96	39.835	39.703	39.591	39.383	39.259	39.115	38.975	38.895	38.713	38.573	38.407	38.303	38.13	37.966	37.783	37.602	37.415	37.231	37.036	36.816	36.586	36.361	36.135	35.928	35.756	35.588	35.404	35.267	35.099	34.903	34.713	34.539	34.314	34.114
270	Gambia	5	37.522	38.012	38.529	38.968	39.467	39.637	39.745	39.816	39.89	39.962	40.025	40.111	40.2	40.301	40.443	40.566	40.692	40.803	40.95	41.097	41.214	41.3	41.389	41.482	41.516	41.512	41.479	41.466	41.476	41.392	41.282	41.207	41.117	41.01	40.901	40.735	40.631	40.549	40.43	40.337	40.246	40.152	40.056	39.885	39.764	39.631	39.521	39.311	39.189	39.05	38.911	38.832	38.65	38.512	38.35	38.243	38.071	37.909	37.727	37.547	37.363	37.182	36.984	36.77	36.541	36.315	36.089	35.88	35.712	35.547	35.359	35.225	35.06	34.865	34.677	34.506	34.278
270	Gambia	6	36.905	37.385	37.876	38.394	38.836	39.335	39.506	39.617	39.692	39.767	39.84	39.906	39.994	40.084	40.191	40.332	40.457	40.581	40.697	40.845	40.992	41.112	41.198	41.29	41.383	41.419	41.417	41.385	41.374	41.384	41.307	41.195	41.122	41.035	40.928	40.823	40.66	40.561	40.479	40.359	40.269	40.181	40.085	39.987	39.821	39.698	39.567	39.456	39.248	39.131	38.993	38.854	38.774	38.595	38.46	38.295	38.189	38.019	37.858	37.677	37.5	37.318	37.136	36.942	36.729	36.5	36.273	36.046	35.841	35.675	35.505	35.32	35.189	35.025	34.832	34.648	34.473
270	Gambia	7	37.076	36.784	37.265	37.757	38.277	38.719	39.218	39.391	39.506	39.582	39.659	39.734	39.802	39.891	39.986	40.092	40.235	40.359	40.488	40.604	40.752	40.901	41.021	41.11	41.202	41.297	41.335	41.334	41.303	41.292	41.309	41.23	41.119	41.049	40.962	40.858	40.757	40.598	40.498	40.416	40.299	40.212	40.122	40.024	39.93	39.762	39.641	39.509	39.399	39.196	39.079	38.942	38.802	38.724	38.548	38.411	38.247	38.143	37.973	37.813	37.635	37.46	37.276	37.098	36.905	36.691	36.462	36.234	36.01	35.807	35.637	35.471	35.288	35.157	34.996	34.806	34.618
270	Gambia	8	37.202	36.969	36.68	37.161	37.655	38.175	38.618	39.117	39.294	39.41	39.487	39.566	39.643	39.712	39.805	39.899	40.007	40.149	40.277	40.406	40.523	40.672	40.821	40.944	41.033	41.126	41.223	41.262	41.262	41.231	41.226	41.24	41.163	41.055	40.985	40.901	40.799	40.701	40.542	40.442	40.362	40.248	40.159	40.067	39.973	39.878	39.711	39.589	39.458	39.352	39.15	39.033	38.895	38.758	38.682	38.504	38.368	38.205	38.101	37.933	37.775	37.598	37.422	37.242	37.065	36.872	36.657	36.426	36.202	35.98	35.773	35.606	35.441	35.26	35.131	34.972	34.779
270	Gambia	9	37.261	37.107	36.877	36.59	37.073	37.567	38.087	38.53	39.033	39.21	39.327	39.406	39.485	39.564	39.636	39.729	39.825	39.932	40.077	40.205	40.334	40.453	40.602	40.753	40.876	40.966	41.061	41.158	41.198	41.198	41.172	41.165	41.181	41.105	40.997	40.93	40.849	40.75	40.652	40.493	40.395	40.317	40.201	40.11	40.022	39.927	39.832	39.665	39.544	39.417	39.311	39.109	38.992	38.856	38.72	38.643	38.465	38.331	38.168	38.065	37.899	37.742	37.564	37.391	37.213	37.034	36.841	36.625	36.397	36.175	35.949	35.745	35.58	35.416	35.236	35.11	34.948
270	Gambia	10	37.261	37.177	37.025	36.796	36.512	36.995	37.489	38.01	38.456	38.958	39.136	39.254	39.335	39.415	39.497	39.569	39.663	39.758	39.868	40.013	40.142	40.272	40.39	40.542	40.693	40.817	40.908	41.003	41.101	41.14	41.145	41.118	41.112	41.129	41.054	40.949	40.883	40.805	40.706	40.608	40.45	40.354	40.275	40.157	40.069	39.98	39.886	39.79	39.624	39.506	39.38	39.274	39.071	38.956	38.822	38.685	38.608	38.431	38.297	38.135	38.034	37.869	37.711	37.537	37.364	37.185	37.006	36.812	36.599	36.372	36.147	35.923	35.721	35.556	35.394	35.216	35.087
270	Gambia	11	37.196	37.185	37.102	36.951	36.726	36.443	36.926	37.42	37.943	38.389	38.892	39.071	39.19	39.271	39.355	39.436	39.509	39.602	39.7	39.81	39.956	40.085	40.215	40.335	40.487	40.639	40.763	40.855	40.951	41.049	41.092	41.095	41.069	41.065	41.082	41.009	40.906	40.843	40.764	40.665	40.568	40.413	40.315	40.234	40.119	40.031	39.942	39.847	39.752	39.589	39.472	39.345	39.239	39.038	38.924	38.789	38.652	38.576	38.4	38.266	38.106	38.006	37.84	37.685	37.511	37.338	37.158	36.979	36.787	36.575	36.346	36.122	35.9	35.699	35.536	35.376	35.195
270	Gambia	12	36.623	37.124	37.114	37.033	36.885	36.66	36.378	36.861	37.358	37.881	38.327	38.83	39.01	39.13	39.214	39.297	39.379	39.451	39.547	39.645	39.755	39.902	40.031	40.163	40.283	40.435	40.588	40.714	40.806	40.901	41.003	41.045	41.049	41.024	41.02	41.039	40.968	40.867	40.804	40.725	40.627	40.532	40.375	40.276	40.198	40.082	39.994	39.905	39.81	39.719	39.556	39.439	39.311	39.207	39.008	38.893	38.757	38.622	38.546	38.37	38.238	38.079	37.978	37.815	37.66	37.486	37.312	37.132	36.954	36.764	36.55	36.322	36.1	35.879	35.679	35.517	35.355
270	Gambia	13	35.371	36.553	37.055	37.046	36.967	36.819	36.595	36.315	36.8	37.297	37.82	38.266	38.77	38.951	39.073	39.156	39.241	39.322	39.397	39.493	39.591	39.702	39.849	39.98	40.112	40.232	40.385	40.539	40.664	40.757	40.856	40.956	40.999	41.004	40.979	40.977	40.998	40.929	40.828	40.764	40.686	40.591	40.494	40.336	40.239	40.16	40.045	39.957	39.868	39.776	39.685	39.522	39.405	39.279	39.176	38.975	38.861	38.726	38.591	38.515	38.341	38.21	38.051	37.952	37.789	37.634	37.46	37.285	37.107	36.931	36.738	36.525	36.299	36.078	35.858	35.66	35.496
270	Gambia	14	34.206	35.3	36.482	36.984	36.978	36.899	36.753	36.53	36.253	36.738	37.234	37.758	38.205	38.709	38.892	39.013	39.098	39.182	39.265	39.34	39.437	39.536	39.647	39.795	39.926	40.058	40.18	40.334	40.487	40.613	40.709	40.806	40.907	40.952	40.957	40.934	40.933	40.956	40.887	40.786	40.724	40.647	40.55	40.453	40.297	40.2	40.121	40.005	39.918	39.832	39.74	39.649	39.486	39.37	39.246	39.141	38.941	38.827	38.693	38.558	38.485	38.312	38.18	38.022	37.924	37.761	37.606	37.431	37.258	37.081	36.902	36.711	36.5	36.275	36.055	35.837	35.636
270	Gambia	15	33.072	34.131	35.225	36.406	36.909	36.903	36.826	36.681	36.461	36.184	36.67	37.166	37.69	38.137	38.643	38.826	38.948	39.032	39.118	39.202	39.278	39.375	39.474	39.586	39.735	39.866	40	40.122	40.276	40.429	40.558	40.652	40.751	40.853	40.897	40.905	40.883	40.885	40.907	40.838	40.738	40.678	40.6	40.503	40.407	40.251	40.154	40.075	39.96	39.875	39.789	39.698	39.606	39.445	39.33	39.205	39.101	38.901	38.788	38.654	38.521	38.449	38.275	38.145	37.989	37.89	37.727	37.571	37.398	37.227	37.047	36.87	36.68	36.47	36.246	36.028	35.808
270	Gambia	16	32.074	32.985	34.043	35.136	36.317	36.82	36.815	36.738	36.596	36.377	36.102	36.588	37.085	37.609	38.058	38.562	38.746	38.868	38.954	39.04	39.124	39.201	39.298	39.398	39.511	39.66	39.792	39.926	40.049	40.202	40.359	40.487	40.582	40.682	40.784	40.83	40.839	40.82	40.821	40.843	40.776	40.677	40.616	40.537	40.442	40.346	40.19	40.092	40.014	39.902	39.817	39.732	39.64	39.55	39.39	39.274	39.149	39.046	38.847	38.734	38.602	38.471	38.397	38.226	38.097	37.94	37.841	37.677	37.523	37.351	37.178	37	36.825	36.636	36.427	36.206	35.985
270	Gambia	17	31.21	31.965	32.876	33.933	35.026	36.204	36.707	36.703	36.63	36.489	36.271	35.997	36.483	36.98	37.506	37.954	38.458	38.64	38.765	38.851	38.937	39.022	39.098	39.197	39.298	39.411	39.561	39.693	39.827	39.949	40.107	40.262	40.39	40.487	40.586	40.691	40.739	40.75	40.731	40.731	40.755	40.689	40.589	40.526	40.45	40.354	40.258	40.101	40.005	39.93	39.818	39.733	39.647	39.557	39.469	39.307	39.191	39.068	38.965	38.767	38.656	38.526	38.392	38.322	38.152	38.022	37.865	37.765	37.604	37.452	37.276	37.105	36.93	36.756	36.569	36.362	36.138
270	Gambia	18	30.313	31.075	31.83	32.739	33.796	34.887	36.062	36.565	36.565	36.492	36.351	36.135	35.863	36.349	36.848	37.372	37.82	38.321	38.507	38.631	38.717	38.803	38.888	38.966	39.064	39.165	39.279	39.429	39.562	39.695	39.823	39.977	40.133	40.263	40.358	40.46	40.567	40.618	40.629	40.608	40.61	40.636	40.568	40.465	40.405	40.328	40.232	40.135	39.979	39.887	39.812	39.701	39.614	39.53	39.442	39.351	39.19	39.076	38.952	38.85	38.655	38.546	38.413	38.284	38.215	38.044	37.913	37.754	37.658	37.499	37.343	37.171	37.002	36.828	36.656	36.472	36.262
270	Gambia	19	29.02	30.152	30.915	31.668	32.577	33.631	34.718	35.892	36.397	36.397	36.325	36.185	35.971	35.7	36.189	36.685	37.209	37.653	38.158	38.342	38.465	38.552	38.638	38.725	38.802	38.9	39.002	39.117	39.266	39.397	39.537	39.66	39.816	39.973	40.101	40.201	40.305	40.415	40.465	40.474	40.456	40.46	40.482	40.411	40.312	40.25	40.173	40.075	39.979	39.829	39.737	39.662	39.548	39.465	39.383	39.292	39.201	39.042	38.927	38.804	38.706	38.513	38.401	38.274	38.146	38.075	37.902	37.77	37.616	37.522	37.357	37.205	37.036	36.869	36.697	36.529	36.341
270	Gambia	20	27.931	28.842	29.973	30.733	31.488	32.393	33.443	34.529	35.704	36.207	36.207	36.136	35.998	35.785	35.52	36.005	36.502	37.02	37.468	37.971	38.154	38.278	38.363	38.452	38.537	38.614	38.715	38.816	38.93	39.077	39.217	39.351	39.476	39.633	39.788	39.92	40.022	40.131	40.239	40.287	40.298	40.282	40.282	40.301	40.234	40.133	40.071	39.991	39.894	39.805	39.655	39.562	39.485	39.374	39.294	39.208	39.117	39.028	38.868	38.755	38.636	38.54	38.343	38.238	38.112	37.982	37.91	37.735	37.608	37.457	37.356	37.196	37.047	36.879	36.716	36.549	36.375
270	Gambia	21	26.873	27.745	28.655	29.782	30.544	31.295	32.197	33.246	34.333	35.504	36.006	36.007	35.937	35.8	35.594	35.327	35.812	36.302	36.826	37.271	37.772	37.956	38.078	38.167	38.253	38.339	38.418	38.518	38.619	38.731	38.888	39.021	39.157	39.284	39.438	39.598	39.733	39.84	39.946	40.052	40.102	40.117	40.096	40.091	40.115	40.045	39.945	39.879	39.801	39.712	39.622	39.471	39.376	39.303	39.195	39.11	39.025	38.936	38.846	38.688	38.579	38.463	38.362	38.173	38.069	37.941	37.81	37.735	37.566	37.442	37.283	37.187	37.031	36.884	36.72	36.561	36.388
270	Gambia	22	26.04	26.689	27.56	28.467	29.595	30.353	31.101	32.002	33.053	34.137	35.304	35.806	35.809	35.74	35.611	35.401	35.137	35.615	36.112	36.633	37.076	37.577	37.759	37.885	37.971	38.059	38.147	38.226	38.325	38.424	38.547	38.697	38.831	38.97	39.094	39.255	39.418	39.558	39.662	39.766	39.875	39.928	39.937	39.912	39.913	39.933	39.864	39.76	39.696	39.626	39.536	39.446	39.293	39.202	39.132	39.02	38.935	38.852	38.762	38.674	38.521	38.415	38.294	38.202	38.014	37.907	37.778	37.643	37.575	37.41	37.277	37.124	37.032	36.878	36.735	36.577	36.411
270	Gambia	23	25.347	25.863	26.513	27.382	28.291	29.414	30.169	30.917	31.822	32.869	33.949	35.114	35.617	35.621	35.561	35.428	35.222	34.953	35.439	35.933	36.451	36.895	37.394	37.579	37.703	37.791	37.881	37.969	38.048	38.145	38.257	38.372	38.524	38.662	38.797	38.928	39.092	39.262	39.399	39.501	39.608	39.72	39.768	39.771	39.752	39.75	39.771	39.697	39.595	39.542	39.471	39.381	39.287	39.139	39.053	38.977	38.865	38.783	38.699	38.611	38.529	38.379	38.268	38.156	38.065	37.874	37.766	37.633	37.506	37.441	37.266	37.14	36.991	36.902	36.752	36.615	36.449
270	Gambia	24	24.677	25.183	25.7	26.349	27.219	28.125	29.243	29.999	30.752	31.654	32.697	33.776	34.941	35.443	35.457	35.393	35.263	35.052	34.794	35.277	35.769	36.288	36.73	37.232	37.416	37.541	37.632	37.722	37.81	37.887	37.998	38.102	38.219	38.375	38.51	38.653	38.788	38.959	39.126	39.26	39.366	39.477	39.583	39.625	39.635	39.613	39.611	39.627	39.556	39.465	39.411	39.34	39.246	39.159	39.015	38.922	38.847	38.738	38.655	38.573	38.492	38.413	38.257	38.156	38.045	37.952	37.759	37.647	37.522	37.399	37.323	37.156	37.034	36.888	36.803	36.66	36.514
270	Gambia	25	24.106	24.525	25.032	25.549	26.201	27.068	27.97	29.089	29.849	30.6	31.499	32.542	33.621	34.783	35.294	35.303	35.243	35.108	34.908	34.649	35.13	35.624	36.141	36.587	37.086	37.271	37.4	37.491	37.582	37.667	37.759	37.862	37.968	38.09	38.242	38.385	38.533	38.676	38.845	39.008	39.147	39.257	39.362	39.461	39.51	39.517	39.496	39.49	39.508	39.448	39.357	39.303	39.228	39.14	39.057	38.907	38.815	38.743	38.633	38.552	38.477	38.399	38.314	38.169	38.069	37.956	37.86	37.663	37.559	37.439	37.304	37.236	37.073	36.954	36.813	36.736	36.583
270	Gambia	26	23.554	23.965	24.386	24.893	25.414	26.063	26.927	27.83	28.952	29.711	30.459	31.358	32.402	33.478	34.647	35.153	35.165	35.1	34.977	34.775	34.517	35	35.491	36.012	36.456	36.956	37.144	37.273	37.365	37.454	37.555	37.638	37.744	37.855	37.973	38.134	38.282	38.438	38.578	38.743	38.911	39.055	39.158	39.256	39.364	39.409	39.417	39.391	39.387	39.417	39.357	39.266	39.207	39.139	39.056	38.967	38.818	38.728	38.655	38.548	38.474	38.402	38.318	38.244	38.1	37.997	37.882	37.782	37.594	37.494	37.362	37.235	37.172	37.011	36.898	36.764	36.676
270	Gambia	27	22.93	23.422	23.836	24.256	24.768	25.286	25.933	26.798	27.705	28.825	29.581	30.33	31.23	32.271	33.354	34.516	35.024	35.031	34.977	34.852	34.652	34.397	34.878	35.373	35.891	36.337	36.839	37.028	37.158	37.247	37.351	37.444	37.53	37.641	37.749	37.875	38.041	38.197	38.35	38.487	38.657	38.83	38.967	39.064	39.17	39.274	39.32	39.323	39.3	39.308	39.337	39.277	39.182	39.13	39.067	38.977	38.888	38.742	38.653	38.582	38.481	38.41	38.333	38.259	38.187	38.04	37.935	37.816	37.724	37.541	37.43	37.305	37.183	37.122	36.967	36.86	36.716
270	Gambia	28	22.451	22.806	23.3	23.713	24.139	24.648	25.164	25.813	26.682	27.587	28.703	29.46	30.21	31.108	32.156	33.233	34.395	34.896	34.913	34.858	34.734	34.537	34.283	34.767	35.26	35.78	36.227	36.729	36.919	37.046	37.151	37.247	37.343	37.433	37.541	37.657	37.789	37.962	38.115	38.266	38.407	38.582	38.748	38.879	38.984	39.087	39.191	39.233	39.239	39.227	39.234	39.264	39.2	39.111	39.063	38.994	38.905	38.82	38.673	38.586	38.521	38.424	38.348	38.28	38.208	38.133	37.985	37.876	37.764	37.677	37.483	37.379	37.258	37.139	37.083	36.935	36.818
270	Gambia	29	21.99	22.332	22.69	23.183	23.601	24.024	24.531	25.05	25.703	26.57	27.472	28.587	29.345	30.094	30.999	32.04	33.117	34.271	34.78	34.797	34.742	34.622	34.425	34.176	34.659	35.153	35.674	36.121	36.623	36.811	36.952	37.05	37.148	37.248	37.337	37.452	37.573	37.712	37.883	38.033	38.188	38.334	38.503	38.663	38.802	38.903	39.007	39.107	39.151	39.168	39.155	39.163	39.189	39.131	39.046	38.993	38.925	38.839	38.753	38.609	38.527	38.466	38.364	38.297	38.231	38.157	38.079	37.928	37.827	37.719	37.621	37.434	37.335	37.217	37.102	37.052	36.895
270	Gambia	30	21.423	21.876	22.22	22.577	23.074	23.49	23.912	24.421	24.945	25.596	26.46	27.363	28.477	29.233	29.988	30.888	31.929	32.998	34.158	34.665	34.682	34.63	34.51	34.318	34.07	34.554	35.05	35.57	36.017	36.516	36.717	36.852	36.952	37.055	37.153	37.248	37.368	37.496	37.633	37.801	37.956	38.115	38.255	38.419	38.586	38.722	38.824	38.924	39.026	39.08	39.096	39.084	39.088	39.12	39.066	38.976	38.924	38.858	38.772	38.688	38.55	38.472	38.406	38.312	38.247	38.179	38.103	38.022	37.878	37.781	37.664	37.573	37.39	37.292	37.179	37.071	37.012
270	Gambia	31	20.56	21.312	21.766	22.11	22.472	22.966	23.381	23.805	24.318	24.841	25.49	26.354	27.256	28.368	29.13	29.88	30.78	31.814	32.889	34.044	34.55	34.57	34.518	34.402	34.211	33.966	34.451	34.947	35.467	35.912	36.422	36.616	36.753	36.857	36.958	37.063	37.162	37.289	37.414	37.55	37.722	37.881	38.035	38.171	38.34	38.505	38.641	38.74	38.842	38.953	39.007	39.023	39.008	39.017	39.053	38.994	38.906	38.856	38.79	38.706	38.627	38.492	38.41	38.352	38.26	38.193	38.124	38.045	37.971	37.83	37.724	37.614	37.526	37.346	37.252	37.145	37.029
270	Gambia	32	19.823	20.453	21.205	21.659	22.007	22.367	22.86	23.276	23.704	24.216	24.737	25.387	26.251	27.151	28.266	29.024	29.774	30.667	31.706	32.777	33.929	34.436	34.456	34.408	34.293	34.105	33.863	34.348	34.843	35.361	35.816	36.319	36.516	36.657	36.759	36.866	36.975	37.081	37.205	37.329	37.468	37.644	37.798	37.948	38.09	38.257	38.422	38.555	38.656	38.766	38.877	38.931	38.945	38.934	38.948	38.978	38.921	38.835	38.785	38.721	38.642	38.566	38.428	38.353	38.297	38.203	38.135	38.063	37.99	37.919	37.771	37.671	37.564	37.479	37.302	37.215	37.1
270	Gambia	33	19.061	19.72	20.351	21.101	21.558	21.904	22.263	22.757	23.177	23.604	24.115	24.636	25.286	26.148	27.052	28.162	28.92	29.664	30.562	31.597	32.665	33.816	34.321	34.345	34.297	34.185	34	33.76	34.244	34.737	35.264	35.713	36.218	36.417	36.557	36.664	36.775	36.89	36.994	37.118	37.245	37.387	37.559	37.709	37.865	38.004	38.172	38.334	38.469	38.577	38.687	38.798	38.85	38.869	38.861	38.871	38.902	38.847	38.761	38.713	38.654	38.578	38.499	38.367	38.294	38.237	38.142	38.072	38.005	37.936	37.858	37.715	37.619	37.514	37.432	37.261	37.167
270	Gambia	34	18.267	18.962	19.621	20.251	21.002	21.457	21.802	22.162	22.659	23.079	23.505	24.016	24.538	25.186	26.052	26.951	28.059	28.811	29.561	30.455	31.487	32.553	33.701	34.209	34.232	34.187	34.077	33.894	33.656	34.138	34.639	35.161	35.611	36.118	36.315	36.46	36.571	36.687	36.8	36.904	37.03	37.161	37.3	37.468	37.623	37.777	37.917	38.082	38.246	38.388	38.496	38.606	38.715	38.771	38.792	38.782	38.792	38.826	38.771	38.687	38.643	38.586	38.507	38.435	38.305	38.231	38.172	38.076	38.011	37.947	37.872	37.799	37.659	37.565	37.463	37.386	37.21
270	Gambia	35	17.373	18.171	18.866	19.524	20.155	20.903	21.357	21.703	22.066	22.562	22.98	23.407	23.918	24.439	25.092	25.952	26.85	27.953	28.709	29.455	30.347	31.378	32.441	33.588	34.094	34.12	34.077	33.969	33.787	33.549	34.039	34.535	35.057	35.51	36.014	36.216	36.364	36.48	36.595	36.707	36.814	36.943	37.071	37.206	37.379	37.533	37.687	37.825	37.992	38.162	38.303	38.412	38.52	38.633	38.691	38.71	38.7	38.712	38.746	38.693	38.613	38.572	38.512	38.44	38.369	38.238	38.163	38.103	38.012	37.949	37.88	37.809	37.74	37.602	37.511	37.414	37.332
270	Gambia	36	16.524	17.281	18.079	18.772	19.43	20.059	20.804	21.258	21.607	21.97	22.465	22.883	23.31	23.821	24.345	24.994	25.854	26.747	27.851	28.604	29.348	30.239	31.267	32.329	33.473	33.979	34.007	33.966	33.859	33.677	33.449	33.934	34.431	34.954	35.405	35.912	36.117	36.269	36.385	36.499	36.614	36.723	36.85	36.975	37.114	37.286	37.44	37.592	37.731	37.904	38.074	38.216	38.323	38.434	38.549	38.605	38.625	38.617	38.629	38.665	38.615	38.538	38.495	38.441	38.369	38.298	38.167	38.09	38.035	37.947	37.879	37.815	37.746	37.679	37.544	37.457	37.356
270	Gambia	37	15.744	16.436	17.192	17.987	18.68	19.336	19.962	20.707	21.163	21.511	21.873	22.368	22.787	23.213	23.726	24.248	24.896	25.751	26.646	27.746	28.497	29.24	30.128	31.156	32.215	33.356	33.863	33.892	33.852	33.745	33.572	33.341	33.827	34.325	34.847	35.3	35.809	36.019	36.17	36.284	36.401	36.519	36.626	36.75	36.879	37.017	37.189	37.342	37.495	37.64	37.812	37.983	38.123	38.233	38.347	38.459	38.516	38.537	38.53	38.544	38.583	38.536	38.456	38.418	38.366	38.294	38.222	38.09	38.019	37.966	37.873	37.81	37.748	37.681	37.617	37.486	37.395
270	Gambia	38	15.021	15.658	16.348	17.102	17.897	18.587	19.24	19.866	20.611	21.066	21.414	21.776	22.27	22.688	23.118	23.628	24.15	24.794	25.65	26.541	27.638	28.388	29.129	30.017	31.041	32.098	33.238	33.744	33.774	33.734	33.635	33.46	33.231	33.719	34.215	34.739	35.194	35.706	35.914	36.064	36.181	36.301	36.416	36.521	36.649	36.777	36.916	37.086	37.24	37.399	37.544	37.716	37.885	38.028	38.14	38.252	38.366	38.424	38.446	38.44	38.457	38.498	38.449	38.375	38.339	38.286	38.214	38.141	38.014	37.944	37.888	37.799	37.738	37.678	37.614	37.553	37.42
270	Gambia	39	14.262	14.936	15.572	16.26	17.013	17.804	18.492	19.144	19.771	20.513	20.967	21.314	21.677	22.17	22.591	23.017	23.528	24.046	24.692	25.545	26.433	27.527	28.275	29.016	29.901	30.922	31.978	33.114	33.62	33.65	33.617	33.516	33.343	33.119	33.604	34.102	34.628	35.085	35.595	35.803	35.955	36.075	36.192	36.306	36.414	36.542	36.67	36.808	36.979	37.138	37.296	37.442	37.613	37.785	37.93	38.04	38.153	38.268	38.327	38.35	38.347	38.366	38.406	38.362	38.289	38.252	38.2	38.127	38.058	37.933	37.861	37.808	37.722	37.663	37.605	37.545	37.481
270	Gambia	40	13.563	14.178	14.851	15.485	16.172	16.921	17.709	18.396	19.048	19.672	20.412	20.865	21.213	21.575	22.07	22.488	22.915	23.422	23.942	24.585	25.435	26.322	27.412	28.159	28.898	29.78	30.8	31.853	32.986	33.49	33.526	33.491	33.392	33.223	32.999	33.487	33.986	34.513	34.969	35.477	35.687	35.842	35.96	36.076	36.193	36.3	36.428	36.556	36.695	36.871	37.029	37.188	37.333	37.506	37.68	37.823	37.934	38.049	38.164	38.224	38.25	38.25	38.268	38.311	38.269	38.196	38.16	38.107	38.038	37.972	37.844	37.775	37.724	37.64	37.584	37.53	37.467
270	Gambia	41	12.781	13.48	14.094	14.764	15.397	16.081	16.827	17.613	18.299	18.949	19.571	20.309	20.761	21.108	21.472	21.964	22.382	22.806	23.315	23.833	24.474	25.322	26.205	27.293	28.038	28.775	29.656	30.672	31.722	32.851	33.358	33.393	33.36	33.264	33.096	32.876	33.365	33.866	34.391	34.846	35.355	35.566	35.719	35.836	35.955	36.071	36.18	36.307	36.436	36.579	36.755	36.914	37.072	37.219	37.395	37.567	37.711	37.823	37.938	38.054	38.118	38.146	38.144	38.167	38.212	38.169	38.097	38.06	38.011	37.945	37.876	37.752	37.685	37.637	37.555	37.502	37.446
270	Gambia	42	12.054	12.7	13.397	14.008	14.677	15.307	15.988	16.732	17.516	18.2	18.847	19.467	20.203	20.654	21.003	21.365	21.856	22.271	22.697	23.203	23.719	24.359	25.204	26.086	27.169	27.912	28.648	29.526	30.539	31.585	32.714	33.219	33.255	33.225	33.13	32.965	32.749	33.239	33.738	34.262	34.717	35.227	35.437	35.589	35.708	35.827	35.944	36.052	36.181	36.313	36.457	36.634	36.792	36.952	37.101	37.275	37.448	37.593	37.706	37.822	37.941	38.006	38.034	38.037	38.06	38.105	38.063	37.991	37.958	37.911	37.843	37.777	37.656	37.591	37.545	37.467	37.412
270	Gambia	43	11.364	11.975	12.619	13.312	13.923	14.588	15.215	15.893	16.636	17.417	18.097	18.742	19.361	20.094	20.546	20.893	21.255	21.743	22.16	22.583	23.088	23.603	24.241	25.084	25.962	27.042	27.783	28.516	29.391	30.401	31.447	32.57	33.074	33.113	33.083	32.992	32.831	32.619	33.107	33.605	34.129	34.584	35.092	35.3	35.455	35.574	35.694	35.81	35.92	36.052	36.185	36.329	36.505	36.666	36.828	36.975	37.15	37.324	37.47	37.585	37.703	37.824	37.888	37.919	37.924	37.948	37.993	37.951	37.883	37.852	37.803	37.738	37.675	37.556	37.494	37.451	37.371
270	Gambia	44	10.731	11.287	11.896	12.537	13.228	13.835	14.497	15.122	15.799	16.538	17.316	17.994	18.636	19.252	19.985	20.434	20.781	21.14	21.629	22.044	22.466	22.97	23.483	24.12	24.959	25.834	26.911	27.649	28.38	29.252	30.261	31.302	32.422	32.926	32.965	32.939	32.85	32.693	32.482	32.969	33.467	33.991	34.444	34.949	35.16	35.315	35.435	35.554	35.672	35.785	35.917	36.051	36.195	36.373	36.535	36.696	36.845	37.021	37.195	37.343	37.46	37.58	37.7	37.768	37.8	37.805	37.83	37.875	37.837	37.771	37.738	37.693	37.63	37.569	37.453	37.394	37.35
270	Gambia	45	10.103	10.656	11.21	11.816	12.455	13.142	13.746	14.405	15.029	15.703	16.438	17.212	17.888	18.528	19.144	19.872	20.32	20.665	21.025	21.512	21.925	22.346	22.848	23.361	23.994	24.831	25.703	26.775	27.512	28.24	29.112	30.115	31.152	32.27	32.772	32.814	32.79	32.705	32.549	32.34	32.826	33.324	33.846	34.297	34.803	35.013	35.169	35.289	35.409	35.531	35.644	35.778	35.911	36.057	36.237	36.398	36.56	36.71	36.887	37.062	37.212	37.33	37.45	37.573	37.642	37.676	37.681	37.706	37.754	37.719	37.651	37.622	37.579	37.518	37.46	37.347	37.287
270	Gambia	46	9.546	10.029	10.58	11.132	11.735	12.37	13.054	13.655	14.313	14.933	15.603	16.336	17.107	17.779	18.418	19.03	19.756	20.201	20.547	20.905	21.39	21.803	22.222	22.723	23.233	23.865	24.699	25.568	26.635	27.368	28.097	28.964	29.964	30.998	32.111	32.614	32.657	32.637	32.552	32.398	32.192	32.678	33.174	33.693	34.146	34.65	34.861	35.016	35.137	35.261	35.383	35.497	35.631	35.766	35.914	36.093	36.255	36.418	36.569	36.747	36.924	37.075	37.193	37.316	37.441	37.511	37.545	37.551	37.578	37.629	37.592	37.528	37.501	37.46	37.402	37.347	37.233
270	Gambia	47	9.048	9.474	9.954	10.502	11.052	11.652	12.283	12.963	13.563	14.217	14.834	15.501	16.23	16.997	17.668	18.303	18.913	19.633	20.079	20.423	20.78	21.264	21.674	22.093	22.592	23.101	23.73	24.56	25.426	26.488	27.221	27.945	28.809	29.807	30.836	31.945	32.448	32.494	32.474	32.391	32.239	32.037	32.521	33.014	33.534	33.985	34.488	34.699	34.855	34.979	35.104	35.227	35.341	35.477	35.614	35.761	35.941	36.105	36.268	36.42	36.6	36.779	36.93	37.051	37.175	37.3	37.371	37.405	37.414	37.444	37.494	37.46	37.399	37.374	37.335	37.281	37.225
270	Gambia	48	8.686	8.975	9.399	9.877	10.422	10.968	11.564	12.192	12.87	13.466	14.116	14.73	15.394	16.119	16.883	17.55	18.182	18.788	19.507	19.95	20.292	20.648	21.13	21.54	21.957	22.454	22.961	23.588	24.414	25.275	26.335	27.063	27.785	28.646	29.638	30.665	31.77	32.273	32.32	32.3	32.22	32.071	31.87	32.351	32.845	33.363	33.813	34.315	34.526	34.685	34.81	34.936	35.059	35.176	35.313	35.45	35.598	35.779	35.943	36.108	36.262	36.443	36.622	36.776	36.898	37.023	37.149	37.22	37.257	37.269	37.298	37.35	37.319	37.26	37.238	37.203	37.148
270	Gambia	49	8.421	8.611	8.899	9.32	9.796	10.337	10.88	11.472	12.097	12.771	13.363	14.009	14.62	15.28	16.002	16.761	17.424	18.052	18.656	19.37	19.812	20.153	20.507	20.987	21.395	21.811	22.306	22.81	23.434	24.256	25.115	26.168	26.894	27.613	28.469	29.458	30.48	31.582	32.083	32.13	32.113	32.035	31.888	31.688	32.17	32.662	33.179	33.627	34.128	34.342	34.502	34.628	34.753	34.879	34.997	35.134	35.272	35.422	35.603	35.769	35.936	36.091	36.272	36.454	36.609	36.732	36.857	36.984	37.058	37.097	37.109	37.141	37.196	37.167	37.111	37.091	37.056
270	Gambia	50	8.208	8.343	8.532	8.818	9.237	9.709	10.247	10.786	11.375	11.996	12.664	13.253	13.895	14.502	15.159	15.876	16.63	17.288	17.914	18.514	19.223	19.663	20.002	20.356	20.833	21.239	21.653	22.145	22.648	23.268	24.087	24.94	25.988	26.71	27.426	28.279	29.263	30.281	31.377	31.875	31.924	31.91	31.833	31.687	31.491	31.971	32.462	32.977	33.425	33.926	34.14	34.301	34.428	34.555	34.683	34.801	34.939	35.079	35.229	35.412	35.579	35.748	35.903	36.087	36.27	36.425	36.55	36.675	36.804	36.881	36.92	36.934	36.969	37.026	37	36.947	36.928
270	Gambia	51	8.052	8.126	8.26	8.449	8.733	9.149	9.617	10.15	10.686	11.271	11.887	12.55	13.135	13.772	14.376	15.028	15.74	16.488	17.143	17.764	18.36	19.065	19.502	19.84	20.192	20.666	21.07	21.482	21.972	22.471	23.091	23.903	24.752	25.793	26.511	27.223	28.073	29.053	30.064	31.153	31.65	31.701	31.687	31.612	31.47	31.276	31.755	32.244	32.757	33.206	33.706	33.921	34.082	34.211	34.34	34.468	34.587	34.727	34.867	35.019	35.204	35.373	35.542	35.7	35.885	36.068	36.224	36.349	36.478	36.609	36.685	36.728	36.745	36.782	36.841	36.819	36.766
270	Gambia	52	7.892	7.966	8.039	8.173	8.361	8.643	9.054	9.519	10.049	10.581	11.16	11.771	12.43	13.01	13.643	14.242	14.889	15.594	16.338	16.988	17.604	18.196	18.896	19.33	19.666	20.016	20.488	20.89	21.299	21.786	22.284	22.898	23.706	24.549	25.583	26.298	27.006	27.851	28.825	29.83	30.912	31.407	31.459	31.446	31.375	31.235	31.045	31.522	32.009	32.523	32.97	33.469	33.684	33.847	33.977	34.107	34.235	34.357	34.497	34.639	34.793	34.979	35.149	35.32	35.479	35.665	35.849	36.006	36.134	36.265	36.395	36.475	36.52	36.54	36.58	36.642	36.62
270	Gambia	53	7.73	7.802	7.875	7.949	8.082	8.268	8.548	8.956	9.417	9.943	10.469	11.044	11.65	12.302	12.879	13.506	14.1	14.741	15.441	16.179	16.823	17.435	18.022	18.717	19.148	19.482	19.83	20.299	20.698	21.105	21.59	22.084	22.694	23.497	24.333	25.361	26.071	26.777	27.615	28.582	29.58	30.656	31.148	31.201	31.191	31.121	30.985	30.798	31.273	31.761	32.273	32.719	33.215	33.432	33.596	33.727	33.858	33.988	34.111	34.253	34.397	34.553	34.739	34.911	35.084	35.244	35.431	35.615	35.775	35.905	36.036	36.169	36.251	36.299	36.321	36.364	36.427
270	Gambia	54	7.536	7.636	7.708	7.782	7.855	7.988	8.172	8.449	8.855	9.311	9.832	10.353	10.923	11.523	12.171	12.741	13.363	13.951	14.587	15.281	16.012	16.651	17.257	17.84	18.529	18.957	19.289	19.635	20.1	20.497	20.903	21.384	21.874	22.481	23.277	24.108	25.128	25.834	26.534	27.366	28.326	29.318	30.385	30.875	30.93	30.922	30.856	30.722	30.539	31.014	31.5	32.01	32.454	32.95	33.167	33.332	33.464	33.597	33.729	33.853	33.997	34.143	34.3	34.488	34.661	34.835	34.997	35.184	35.371	35.533	35.663	35.796	35.932	36.016	36.067	36.093	36.137
270	Gambia	55	7.396	7.441	7.54	7.612	7.686	7.759	7.89	8.073	8.349	8.75	9.202	9.717	10.234	10.798	11.393	12.034	12.599	13.214	13.798	14.428	15.115	15.839	16.472	17.074	17.651	18.334	18.759	19.089	19.433	19.894	20.289	20.691	21.169	21.657	22.258	23.048	23.873	24.886	25.587	26.281	27.108	28.061	29.044	30.103	30.591	30.648	30.643	30.578	30.449	30.271	30.745	31.229	31.736	32.18	32.674	32.892	33.058	33.191	33.326	33.459	33.586	33.732	33.879	34.037	34.227	34.402	34.576	34.739	34.929	35.118	35.279	35.412	35.548	35.686	35.773	35.827	35.854
270	Gambia	56	7.227	7.298	7.343	7.442	7.514	7.587	7.66	7.79	7.972	8.245	8.642	9.089	9.599	10.11	10.669	11.258	11.892	12.451	13.062	13.639	14.262	14.943	15.66	16.288	16.883	17.456	18.132	18.554	18.882	19.222	19.682	20.073	20.473	20.947	21.431	22.028	22.812	23.631	24.635	25.329	26.019	26.839	27.784	28.76	29.812	30.297	30.356	30.352	30.292	30.167	29.994	30.466	30.947	31.453	31.896	32.388	32.606	32.774	32.909	33.045	33.18	33.309	33.456	33.606	33.766	33.957	34.133	34.308	34.474	34.665	34.854	35.018	35.154	35.292	35.432	35.522	35.577
270	Gambia	57	6.997	7.127	7.197	7.242	7.341	7.413	7.485	7.557	7.687	7.868	8.137	8.53	8.972	9.477	9.983	10.536	11.119	11.745	12.299	12.903	13.474	14.091	14.765	15.475	16.095	16.686	17.252	17.923	18.341	18.666	19.005	19.46	19.848	20.245	20.715	21.196	21.788	22.567	23.378	24.372	25.061	25.746	26.559	27.496	28.465	29.508	29.991	30.051	30.051	29.995	29.874	29.705	30.175	30.655	31.159	31.6	32.09	32.31	32.478	32.615	32.753	32.891	33.021	33.171	33.322	33.484	33.676	33.853	34.031	34.198	34.39	34.581	34.748	34.886	35.026	35.169	35.261
270	Gambia	58	6.73	6.893	7.022	7.092	7.138	7.235	7.306	7.378	7.451	7.58	7.758	8.025	8.413	8.85	9.35	9.85	10.396	10.971	11.592	12.139	12.736	13.301	13.911	14.578	15.279	15.894	16.478	17.039	17.702	18.116	18.44	18.776	19.226	19.613	20.006	20.472	20.949	21.537	22.308	23.111	24.096	24.779	25.457	26.264	27.193	28.153	29.188	29.668	29.731	29.735	29.683	29.566	29.401	29.869	30.348	30.849	31.289	31.778	31.998	32.168	32.307	32.448	32.586	32.719	32.871	33.024	33.187	33.38	33.56	33.74	33.908	34.102	34.295	34.464	34.604	34.748	34.892
270	Gambia	59	6.453	6.623	6.784	6.912	6.982	7.027	7.124	7.194	7.267	7.339	7.466	7.642	7.906	8.289	8.722	9.214	9.708	10.247	10.816	11.429	11.969	12.559	13.117	13.72	14.379	15.072	15.68	16.257	16.812	17.468	17.879	18.199	18.532	18.979	19.361	19.751	20.214	20.687	21.269	22.031	22.826	23.801	24.478	25.15	25.949	26.87	27.822	28.847	29.325	29.392	29.399	29.35	29.237	29.078	29.544	30.02	30.519	30.958	31.444	31.665	31.837	31.979	32.121	32.263	32.398	32.551	32.706	32.87	33.066	33.247	33.428	33.599	33.795	33.991	34.162	34.305	34.45
270	Gambia	60	6.135	6.341	6.509	6.668	6.795	6.865	6.909	7.005	7.076	7.147	7.218	7.344	7.519	7.779	8.158	8.584	9.07	9.556	10.089	10.65	11.253	11.787	12.368	12.919	13.515	14.165	14.849	15.449	16.02	16.567	17.217	17.622	17.94	18.27	18.711	19.09	19.477	19.936	20.404	20.979	21.733	22.519	23.483	24.153	24.819	25.611	26.523	27.465	28.481	28.957	29.026	29.037	28.991	28.884	28.73	29.193	29.667	30.164	30.6	31.084	31.307	31.481	31.625	31.769	31.913	32.05	32.205	32.362	32.529	32.727	32.909	33.092	33.265	33.464	33.662	33.836	33.981
270	Gambia	61	5.79	6.018	6.222	6.387	6.545	6.67	6.738	6.783	6.878	6.948	7.019	7.089	7.214	7.386	7.643	8.016	8.436	8.913	9.393	9.917	10.47	11.065	11.59	12.163	12.706	13.293	13.934	14.609	15.2	15.763	16.305	16.944	17.345	17.659	17.985	18.422	18.797	19.181	19.634	20.096	20.664	21.409	22.186	23.138	23.801	24.46	25.244	26.145	27.078	28.085	28.558	28.63	28.643	28.602	28.5	28.351	28.812	29.283	29.777	30.212	30.694	30.919	31.094	31.24	31.387	31.533	31.672	31.829	31.988	32.158	32.356	32.541	32.727	32.903	33.104	33.304	33.479
270	Gambia	62	5.422	5.67	5.894	6.094	6.257	6.412	6.535	6.603	6.647	6.741	6.81	6.88	6.951	7.073	7.244	7.496	7.863	8.275	8.746	9.218	9.733	10.276	10.861	11.378	11.942	12.476	13.054	13.685	14.349	14.931	15.486	16.019	16.649	17.045	17.355	17.678	18.109	18.481	18.859	19.306	19.762	20.324	21.058	21.825	22.764	23.42	24.072	24.846	25.737	26.66	27.655	28.125	28.199	28.217	28.18	28.083	27.94	28.398	28.866	29.357	29.79	30.271	30.495	30.673	30.821	30.97	31.119	31.26	31.42	31.582	31.752	31.953	32.141	32.329	32.507	32.711	32.912
270	Gambia	63	5.036	5.298	5.541	5.761	5.958	6.118	6.27	6.391	6.458	6.503	6.595	6.663	6.733	6.802	6.924	7.091	7.339	7.698	8.104	8.565	9.028	9.534	10.067	10.642	11.15	11.703	12.228	12.796	13.416	14.068	14.642	15.187	15.711	16.331	16.721	17.028	17.346	17.772	18.138	18.51	18.951	19.402	19.955	20.679	21.435	22.36	23.008	23.652	24.416	25.297	26.209	27.191	27.657	27.734	27.755	27.723	27.631	27.495	27.949	28.414	28.902	29.333	29.81	30.036	30.216	30.367	30.518	30.669	30.813	30.976	31.139	31.313	31.516	31.706	31.897	32.078	32.283
270	Gambia	64	4.647	4.91	5.167	5.405	5.62	5.813	5.97	6.118	6.238	6.304	6.348	6.439	6.507	6.575	6.645	6.764	6.928	7.171	7.523	7.921	8.373	8.826	9.322	9.844	10.407	10.905	11.448	11.963	12.52	13.127	13.769	14.331	14.866	15.382	15.99	16.374	16.677	16.991	17.41	17.77	18.137	18.571	19.015	19.559	20.272	21.016	21.927	22.566	23.201	23.956	24.825	25.724	26.691	27.154	27.234	27.259	27.231	27.146	27.015	27.466	27.928	28.413	28.841	29.315	29.543	29.724	29.877	30.031	30.184	30.332	30.496	30.662	30.839	31.044	31.236	31.43	31.613
270	Gambia	65	4.265	4.52	4.777	5.028	5.261	5.471	5.659	5.813	5.959	6.076	6.141	6.185	6.274	6.341	6.409	6.477	6.594	6.755	6.993	7.338	7.726	8.168	8.612	9.096	9.608	10.158	10.646	11.177	11.681	12.226	12.822	13.449	14	14.526	15.031	15.628	16.005	16.303	16.612	17.023	17.377	17.738	18.165	18.601	19.138	19.838	20.57	21.466	22.095	22.722	23.466	24.321	25.206	26.159	26.617	26.7	26.729	26.707	26.627	26.503	26.951	27.41	27.89	28.315	28.786	29.014	29.198	29.353	29.509	29.666	29.815	29.982	30.151	30.331	30.539	30.734	30.929
270	Gambia	66	3.894	4.139	4.388	4.638	4.883	5.11	5.314	5.498	5.649	5.791	5.905	5.97	6.013	6.101	6.167	6.234	6.301	6.415	6.573	6.805	7.142	7.521	7.952	8.385	8.858	9.357	9.895	10.371	10.89	11.383	11.916	12.498	13.111	13.651	14.164	14.659	15.243	15.614	15.906	16.209	16.612	16.96	17.315	17.735	18.164	18.691	19.379	20.098	20.977	21.597	22.215	22.946	23.787	24.657	25.594	26.047	26.133	26.166	26.149	26.075	25.96	26.404	26.857	27.333	27.756	28.223	28.452	28.637	28.796	28.955	29.113	29.266	29.436	29.608	29.79	30	30.197
270	Gambia	67	3.533	3.769	4.007	4.249	4.493	4.731	4.951	5.15	5.329	5.476	5.615	5.726	5.79	5.832	5.919	5.984	6.049	6.115	6.227	6.381	6.607	6.935	7.304	7.724	8.146	8.607	9.093	9.617	10.082	10.587	11.069	11.589	12.156	12.755	13.281	13.783	14.267	14.838	15.2	15.486	15.784	16.179	16.52	16.868	17.281	17.702	18.22	18.894	19.599	20.462	21.071	21.678	22.397	23.222	24.077	24.997	25.443	25.533	25.57	25.558	25.492	25.385	25.823	26.273	26.744	27.163	27.626	27.856	28.043	28.205	28.366	28.527	28.683	28.856	29.031	29.216	29.427
270	Gambia	68	3.186	3.41	3.639	3.87	4.105	4.341	4.571	4.784	4.978	5.152	5.294	5.43	5.538	5.6	5.643	5.728	5.791	5.855	5.92	6.029	6.179	6.399	6.718	7.076	7.485	7.895	8.343	8.815	9.325	9.776	10.269	10.737	11.243	11.796	12.378	12.891	13.38	13.853	14.409	14.763	15.043	15.334	15.72	16.055	16.397	16.801	17.215	17.722	18.382	19.073	19.918	20.516	21.111	21.816	22.625	23.462	24.364	24.805	24.897	24.939	24.934	24.875	24.775	25.209	25.654	26.12	26.535	26.993	27.225	27.415	27.577	27.741	27.906	28.065	28.241	28.419	28.606
270	Gambia	69	2.867	3.065	3.282	3.502	3.726	3.953	4.18	4.403	4.61	4.798	4.966	5.104	5.235	5.341	5.402	5.444	5.526	5.588	5.651	5.714	5.821	5.966	6.18	6.489	6.836	7.232	7.63	8.064	8.522	9.016	9.455	9.933	10.387	10.879	11.415	11.981	12.48	12.956	13.415	13.955	14.3	14.574	14.859	15.236	15.564	15.899	16.295	16.7	17.196	17.843	18.519	19.343	19.928	20.512	21.202	21.993	22.812	23.695	24.13	24.225	24.272	24.273	24.22	24.129	24.559	24.998	25.459	25.869	26.323	26.555	26.746	26.912	27.08	27.247	27.41	27.588	27.768
270	Gambia	70	2.565	2.748	2.938	3.147	3.359	3.575	3.793	4.012	4.227	4.427	4.608	4.77	4.904	5.031	5.134	5.194	5.235	5.314	5.375	5.437	5.498	5.602	5.742	5.949	6.248	6.583	6.966	7.35	7.77	8.212	8.691	9.115	9.578	10.018	10.494	11.013	11.561	12.045	12.507	12.951	13.476	13.812	14.078	14.357	14.725	15.045	15.374	15.76	16.157	16.642	17.273	17.932	18.735	19.307	19.878	20.552	21.324	22.125	22.986	23.414	23.513	23.565	23.571	23.527	23.445	23.869	24.303	24.757	25.163	25.612	25.844	26.037	26.206	26.377	26.547	26.713	26.894
270	Gambia	71	2.288	2.448	2.623	2.806	3.006	3.21	3.416	3.625	3.837	4.043	4.235	4.408	4.565	4.694	4.817	4.916	4.974	5.014	5.092	5.151	5.211	5.271	5.371	5.507	5.706	5.994	6.317	6.685	7.055	7.459	7.887	8.348	8.757	9.204	9.628	10.088	10.589	11.119	11.586	12.032	12.462	12.969	13.295	13.555	13.827	14.185	14.498	14.818	15.196	15.584	16.057	16.67	17.311	18.092	18.65	19.207	19.863	20.616	21.395	22.235	22.655	22.758	22.814	22.827	22.792	22.72	23.137	23.564	24.012	24.414	24.855	25.088	25.284	25.456	25.629	25.803	25.971
270	Gambia	72	2.037	2.173	2.326	2.493	2.668	2.859	3.053	3.25	3.451	3.653	3.85	4.033	4.2	4.35	4.475	4.593	4.688	4.744	4.784	4.859	4.916	4.974	5.032	5.129	5.26	5.451	5.727	6.037	6.39	6.745	7.135	7.545	7.987	8.381	8.809	9.218	9.66	10.143	10.652	11.101	11.531	11.946	12.435	12.751	13.004	13.269	13.617	13.921	14.234	14.602	14.98	15.44	16.034	16.656	17.413	17.955	18.497	19.135	19.866	20.624	21.44	21.853	21.958	22.02	22.04	22.013	21.95	22.36	22.78	23.221	23.617	24.052	24.286	24.484	24.659	24.835	25.01
270	Gambia	73	1.802	1.925	2.054	2.2	2.359	2.524	2.706	2.891	3.079	3.27	3.461	3.649	3.824	3.983	4.127	4.246	4.359	4.45	4.505	4.543	4.615	4.67	4.726	4.783	4.875	5.001	5.185	5.448	5.745	6.082	6.422	6.793	7.186	7.609	7.985	8.396	8.788	9.212	9.675	10.162	10.593	11.005	11.404	11.874	12.18	12.425	12.683	13.02	13.316	13.62	13.978	14.345	14.79	15.365	15.966	16.697	17.223	17.748	18.366	19.075	19.809	20.601	21.004	21.113	21.18	21.207	21.188	21.135	21.537	21.951	22.383	22.772	23.201	23.435	23.635	23.812	23.99
270	Gambia	74	1.587	1.693	1.809	1.932	2.069	2.22	2.376	2.548	2.723	2.901	3.081	3.263	3.441	3.607	3.759	3.895	4.008	4.115	4.203	4.256	4.293	4.362	4.415	4.469	4.523	4.612	4.732	4.907	5.157	5.439	5.761	6.084	6.438	6.812	7.214	7.573	7.965	8.339	8.743	9.184	9.649	10.061	10.456	10.838	11.289	11.583	11.821	12.07	12.396	12.683	12.979	13.324	13.678	14.108	14.662	15.241	15.945	16.453	16.961	17.558	18.242	18.953	19.717	20.11	20.222	20.295	20.328	20.318	20.275	20.67	21.074	21.497	21.88	22.301	22.535	22.736	22.915
270	Gambia	75	1.35	1.481	1.581	1.69	1.806	1.935	2.076	2.223	2.385	2.55	2.718	2.887	3.059	3.227	3.384	3.527	3.656	3.762	3.865	3.948	3.998	4.034	4.1	4.151	4.203	4.255	4.339	4.453	4.619	4.856	5.124	5.428	5.734	6.069	6.423	6.805	7.146	7.518	7.872	8.256	8.674	9.116	9.508	9.884	10.249	10.679	10.962	11.192	11.432	11.746	12.024	12.309	12.641	12.983	13.396	13.928	14.483	15.158	15.647	16.137	16.712	17.37	18.053	18.789	19.172	19.288	19.365	19.405	19.403	19.371	19.755	20.15	20.564	20.94	21.352	21.586	21.786
270	Gambia	76	1.297	1.256	1.378	1.472	1.574	1.682	1.802	1.934	2.072	2.223	2.378	2.534	2.693	2.853	3.011	3.158	3.293	3.414	3.514	3.611	3.69	3.737	3.772	3.834	3.883	3.932	3.982	4.062	4.17	4.326	4.549	4.801	5.087	5.376	5.691	6.024	6.384	6.706	7.057	7.391	7.753	8.148	8.566	8.938	9.295	9.642	10.051	10.322	10.543	10.774	11.076	11.342	11.616	11.935	12.262	12.658	13.165	13.697	14.341	14.81	15.279	15.831	16.461	17.115	17.821	18.194	18.312	18.394	18.44	18.447	18.425	18.799	19.184	19.587	19.954	20.355	20.588
270	Gambia	77	1.286	1.198	1.16	1.274	1.361	1.455	1.555	1.667	1.789	1.917	2.058	2.201	2.346	2.494	2.644	2.791	2.928	3.053	3.167	3.261	3.351	3.425	3.47	3.503	3.562	3.608	3.655	3.702	3.778	3.879	4.025	4.234	4.47	4.738	5.008	5.303	5.615	5.952	6.253	6.582	6.896	7.236	7.607	8.001	8.352	8.688	9.018	9.404	9.662	9.874	10.096	10.383	10.638	10.9	11.203	11.516	11.894	12.376	12.881	13.493	13.94	14.389	14.915	15.516	16.141	16.816	17.176	17.296	17.381	17.434	17.449	17.436	17.8	18.173	18.564	18.921	19.312
270	Gambia	78	1.176	1.179	1.098	1.064	1.168	1.248	1.335	1.427	1.53	1.643	1.761	1.89	2.022	2.157	2.293	2.432	2.567	2.694	2.81	2.916	3.003	3.087	3.156	3.199	3.23	3.285	3.328	3.373	3.417	3.488	3.582	3.719	3.913	4.132	4.381	4.632	4.907	5.197	5.51	5.791	6.097	6.39	6.707	7.055	7.423	7.751	8.069	8.378	8.742	8.987	9.189	9.4	9.672	9.914	10.163	10.451	10.748	11.106	11.562	12.04	12.617	13.042	13.469	13.968	14.539	15.133	15.774	16.121	16.242	16.331	16.389	16.413	16.41	16.761	17.122	17.5	17.846
270	Gambia	79	1.037	1.068	1.071	0.998	0.967	1.062	1.135	1.214	1.299	1.393	1.496	1.603	1.722	1.843	1.966	2.091	2.218	2.342	2.459	2.566	2.663	2.743	2.821	2.885	2.925	2.954	3.005	3.046	3.087	3.129	3.195	3.283	3.409	3.588	3.79	4.02	4.251	4.505	4.772	5.062	5.321	5.605	5.876	6.171	6.494	6.836	7.143	7.439	7.729	8.069	8.299	8.49	8.69	8.946	9.175	9.41	9.682	9.963	10.3	10.728	11.177	11.72	12.121	12.524	12.996	13.536	14.097	14.703	15.035	15.157	15.249	15.312	15.343	15.35	15.687	16.034	16.398
270	Gambia	80	0.888	0.932	0.961	0.964	0.898	0.871	0.957	1.022	1.094	1.171	1.256	1.349	1.446	1.554	1.664	1.775	1.889	2.004	2.118	2.224	2.321	2.41	2.484	2.555	2.614	2.65	2.678	2.725	2.763	2.802	2.84	2.901	2.982	3.098	3.261	3.447	3.656	3.868	4.1	4.345	4.61	4.848	5.109	5.36	5.631	5.929	6.245	6.529	6.803	7.073	7.389	7.604	7.784	7.971	8.211	8.426	8.647	8.902	9.165	9.48	9.88	10.3	10.806	11.182	11.561	12.006	12.512	13.04	13.608	13.925	14.047	14.141	14.209	14.247	14.262	14.584	14.917
270	Gambia	81	0.748	0.791	0.83	0.856	0.858	0.8	0.776	0.853	0.912	0.976	1.045	1.121	1.205	1.292	1.389	1.487	1.588	1.69	1.794	1.896	1.992	2.079	2.16	2.226	2.291	2.345	2.378	2.404	2.447	2.482	2.518	2.554	2.61	2.683	2.788	2.937	3.104	3.295	3.487	3.697	3.92	4.16	4.377	4.616	4.844	5.092	5.365	5.654	5.915	6.168	6.417	6.708	6.908	7.075	7.25	7.472	7.673	7.879	8.116	8.361	8.654	9.024	9.414	9.882	10.234	10.589	11.003	11.475	11.967	12.498	12.797	12.918	13.014	13.086	13.13	13.153	13.46
270	Gambia	82	0.622	0.658	0.696	0.73	0.753	0.756	0.705	0.684	0.752	0.804	0.861	0.922	0.99	1.064	1.142	1.228	1.315	1.404	1.496	1.588	1.679	1.765	1.843	1.915	1.975	2.033	2.081	2.112	2.135	2.175	2.207	2.24	2.272	2.323	2.39	2.484	2.617	2.768	2.939	3.111	3.3	3.5	3.717	3.913	4.128	4.335	4.561	4.808	5.071	5.308	5.54	5.767	6.032	6.216	6.371	6.532	6.737	6.923	7.113	7.332	7.558	7.828	8.169	8.527	8.958	9.284	9.614	9.997	10.434	10.89	11.381	11.662	11.782	11.878	11.953	12.001	12.032
270	Gambia	83	0.514	0.54	0.572	0.605	0.635	0.656	0.658	0.614	0.596	0.655	0.701	0.751	0.804	0.863	0.929	0.997	1.072	1.15	1.228	1.308	1.39	1.47	1.546	1.615	1.678	1.732	1.783	1.826	1.854	1.876	1.911	1.94	1.97	2	2.045	2.104	2.188	2.307	2.44	2.592	2.745	2.914	3.092	3.286	3.461	3.653	3.839	4.042	4.264	4.5	4.715	4.924	5.129	5.369	5.536	5.678	5.826	6.014	6.183	6.357	6.558	6.765	7.012	7.322	7.649	8.043	8.342	8.645	8.997	9.398	9.816	10.267	10.53	10.647	10.742	10.818	10.872
270	Gambia	84	0.42	0.44	0.463	0.49	0.519	0.545	0.563	0.565	0.527	0.512	0.563	0.603	0.646	0.692	0.744	0.8	0.86	0.925	0.992	1.06	1.13	1.201	1.271	1.337	1.397	1.453	1.5	1.545	1.583	1.608	1.627	1.659	1.685	1.711	1.738	1.778	1.831	1.905	2.008	2.126	2.259	2.394	2.542	2.699	2.87	3.025	3.196	3.361	3.541	3.738	3.949	4.14	4.327	4.511	4.725	4.876	5.004	5.139	5.308	5.461	5.619	5.801	5.989	6.212	6.493	6.789	7.145	7.417	7.693	8.013	8.377	8.757	9.168	9.411	9.523	9.617	9.694
270	Gambia	85	0.342	0.355	0.372	0.391	0.415	0.439	0.461	0.476	0.479	0.447	0.434	0.478	0.511	0.548	0.588	0.632	0.68	0.731	0.787	0.844	0.903	0.963	1.024	1.084	1.14	1.193	1.241	1.281	1.32	1.354	1.376	1.393	1.421	1.444	1.467	1.49	1.526	1.571	1.635	1.725	1.827	1.942	2.06	2.189	2.326	2.474	2.61	2.76	2.905	3.063	3.236	3.421	3.59	3.755	3.917	4.107	4.241	4.356	4.477	4.628	4.765	4.907	5.07	5.238	5.438	5.689	5.955	6.273	6.517	6.766	7.054	7.381	7.724	8.094	8.316	8.423	8.514
270	Gambia	86	0.271	0.284	0.295	0.309	0.326	0.345	0.365	0.384	0.397	0.399	0.373	0.362	0.399	0.427	0.458	0.491	0.529	0.569	0.612	0.659	0.708	0.757	0.808	0.859	0.91	0.958	1.002	1.043	1.078	1.111	1.14	1.159	1.174	1.198	1.218	1.239	1.259	1.289	1.328	1.384	1.46	1.547	1.646	1.747	1.857	1.975	2.103	2.22	2.349	2.475	2.612	2.762	2.923	3.07	3.213	3.355	3.52	3.638	3.74	3.846	3.979	4.101	4.227	4.371	4.52	4.698	4.92	5.154	5.434	5.653	5.874	6.13	6.421	6.726	7.055	7.255	7.357
270	Gambia	87	0.213	0.221	0.231	0.24	0.252	0.266	0.282	0.299	0.314	0.325	0.327	0.305	0.297	0.327	0.35	0.376	0.404	0.434	0.468	0.503	0.543	0.583	0.624	0.666	0.708	0.751	0.791	0.828	0.862	0.891	0.92	0.944	0.96	0.973	0.994	1.011	1.028	1.045	1.071	1.104	1.151	1.215	1.289	1.372	1.457	1.55	1.65	1.758	1.858	1.968	2.075	2.192	2.32	2.457	2.583	2.706	2.828	2.97	3.072	3.161	3.253	3.369	3.475	3.585	3.711	3.843	3.998	4.191	4.395	4.64	4.831	5.025	5.25	5.506	5.773	6.062	6.241
270	Gambia	88	0.163	0.17	0.177	0.185	0.192	0.202	0.213	0.226	0.239	0.252	0.26	0.262	0.245	0.238	0.263	0.282	0.302	0.325	0.35	0.377	0.406	0.438	0.47	0.504	0.538	0.573	0.607	0.64	0.67	0.699	0.723	0.746	0.766	0.78	0.791	0.808	0.822	0.837	0.852	0.873	0.901	0.939	0.993	1.053	1.122	1.193	1.27	1.353	1.444	1.527	1.619	1.709	1.807	1.915	2.029	2.135	2.239	2.342	2.461	2.549	2.625	2.705	2.803	2.895	2.99	3.098	3.212	3.346	3.511	3.687	3.896	4.061	4.23	4.424	4.645	4.876	5.126
270	Gambia	89	0.122	0.127	0.132	0.138	0.144	0.15	0.158	0.166	0.176	0.187	0.197	0.204	0.205	0.192	0.187	0.206	0.221	0.238	0.256	0.275	0.297	0.32	0.345	0.371	0.398	0.425	0.453	0.481	0.507	0.531	0.554	0.573	0.592	0.609	0.62	0.629	0.643	0.655	0.667	0.679	0.697	0.719	0.751	0.794	0.843	0.899	0.957	1.02	1.088	1.161	1.23	1.305	1.379	1.46	1.548	1.643	1.73	1.816	1.902	2.001	2.074	2.138	2.205	2.288	2.366	2.447	2.539	2.635	2.748	2.888	3.036	3.212	3.353	3.496	3.662	3.849	4.046
270	Gambia	90	0.089	0.093	0.096	0.1	0.105	0.11	0.114	0.12	0.127	0.134	0.143	0.15	0.156	0.157	0.147	0.143	0.158	0.17	0.182	0.196	0.212	0.228	0.246	0.266	0.286	0.307	0.328	0.35	0.371	0.392	0.411	0.429	0.444	0.459	0.472	0.482	0.489	0.5	0.51	0.519	0.529	0.543	0.561	0.586	0.621	0.66	0.704	0.75	0.801	0.855	0.914	0.969	1.03	1.089	1.154	1.225	1.301	1.372	1.442	1.511	1.592	1.652	1.705	1.761	1.829	1.894	1.961	2.038	2.118	2.212	2.327	2.45	2.596	2.714	2.834	2.971	3.128
270	Gambia	91	0.064	0.066	0.068	0.071	0.074	0.077	0.081	0.084	0.089	0.094	0.1	0.106	0.112	0.116	0.117	0.109	0.107	0.118	0.127	0.136	0.147	0.158	0.171	0.185	0.199	0.215	0.23	0.247	0.263	0.28	0.295	0.31	0.324	0.336	0.347	0.357	0.365	0.371	0.379	0.387	0.395	0.402	0.413	0.428	0.447	0.474	0.504	0.539	0.574	0.614	0.656	0.703	0.746	0.793	0.84	0.891	0.947	1.008	1.063	1.119	1.174	1.238	1.286	1.329	1.375	1.43	1.483	1.538	1.6	1.666	1.742	1.836	1.936	2.054	2.15	2.248	2.362
270	Gambia	92	0.043	0.046	0.047	0.049	0.051	0.053	0.056	0.058	0.061	0.064	0.068	0.072	0.076	0.081	0.084	0.085	0.079	0.077	0.086	0.092	0.099	0.107	0.115	0.125	0.135	0.146	0.157	0.169	0.18	0.193	0.205	0.217	0.228	0.238	0.247	0.256	0.263	0.269	0.274	0.28	0.286	0.292	0.298	0.307	0.317	0.332	0.353	0.376	0.402	0.429	0.459	0.492	0.527	0.56	0.596	0.632	0.672	0.715	0.761	0.804	0.847	0.89	0.94	0.978	1.012	1.049	1.093	1.135	1.179	1.229	1.281	1.341	1.416	1.495	1.589	1.666	1.745
270	Gambia	93	0.028	0.03	0.032	0.033	0.034	0.036	0.037	0.039	0.041	0.042	0.045	0.047	0.05	0.054	0.057	0.059	0.06	0.056	0.055	0.06	0.065	0.07	0.076	0.082	0.088	0.096	0.103	0.112	0.12	0.129	0.138	0.146	0.155	0.163	0.171	0.177	0.184	0.189	0.193	0.197	0.202	0.206	0.211	0.215	0.222	0.23	0.241	0.256	0.273	0.292	0.313	0.335	0.359	0.386	0.41	0.437	0.464	0.494	0.526	0.561	0.594	0.626	0.659	0.697	0.726	0.753	0.781	0.815	0.848	0.882	0.921	0.962	1.009	1.067	1.128	1.201	1.262
270	Gambia	94	0.018	0.019	0.02	0.021	0.022	0.023	0.024	0.025	0.026	0.028	0.029	0.031	0.032	0.034	0.037	0.039	0.04	0.041	0.038	0.037	0.042	0.045	0.048	0.052	0.056	0.061	0.066	0.072	0.077	0.083	0.089	0.096	0.102	0.108	0.114	0.119	0.124	0.128	0.132	0.135	0.138	0.142	0.145	0.148	0.151	0.156	0.162	0.17	0.181	0.193	0.207	0.222	0.238	0.256	0.275	0.293	0.313	0.332	0.354	0.378	0.403	0.427	0.451	0.476	0.504	0.526	0.546	0.568	0.593	0.618	0.645	0.674	0.705	0.741	0.785	0.831	0.887
270	Gambia	95	0.011	0.012	0.013	0.013	0.014	0.015	0.015	0.016	0.017	0.017	0.018	0.019	0.02	0.021	0.023	0.024	0.026	0.027	0.027	0.026	0.025	0.028	0.03	0.032	0.035	0.038	0.041	0.044	0.048	0.052	0.056	0.06	0.065	0.069	0.073	0.077	0.081	0.084	0.087	0.09	0.092	0.094	0.097	0.099	0.101	0.104	0.107	0.111	0.117	0.125	0.133	0.143	0.154	0.165	0.177	0.191	0.204	0.218	0.232	0.247	0.264	0.283	0.3	0.317	0.335	0.355	0.371	0.386	0.402	0.421	0.44	0.459	0.481	0.504	0.531	0.563	0.598
270	Gambia	96	0.006	0.007	0.007	0.008	0.009	0.009	0.009	0.01	0.01	0.011	0.011	0.012	0.012	0.013	0.014	0.015	0.016	0.017	0.017	0.018	0.017	0.016	0.018	0.02	0.021	0.023	0.025	0.027	0.029	0.032	0.034	0.037	0.04	0.043	0.045	0.048	0.051	0.053	0.056	0.058	0.06	0.061	0.062	0.064	0.066	0.067	0.069	0.072	0.074	0.078	0.084	0.09	0.096	0.104	0.111	0.12	0.129	0.138	0.148	0.157	0.168	0.18	0.193	0.205	0.217	0.229	0.244	0.255	0.266	0.278	0.291	0.305	0.319	0.334	0.351	0.37	0.394
270	Gambia	97	0.003	0.004	0.004	0.005	0.005	0.005	0.006	0.006	0.006	0.006	0.007	0.007	0.007	0.008	0.008	0.009	0.009	0.01	0.011	0.011	0.011	0.01	0.01	0.011	0.012	0.013	0.014	0.016	0.017	0.018	0.02	0.022	0.023	0.025	0.027	0.029	0.031	0.033	0.034	0.036	0.037	0.038	0.039	0.04	0.041	0.043	0.044	0.045	0.046	0.048	0.051	0.054	0.058	0.063	0.068	0.073	0.079	0.085	0.091	0.097	0.104	0.111	0.119	0.128	0.136	0.144	0.153	0.163	0.171	0.178	0.186	0.196	0.205	0.215	0.226	0.238	0.251
270	Gambia	98	0.002	0.002	0.002	0.003	0.003	0.003	0.003	0.003	0.003	0.004	0.004	0.004	0.004	0.004	0.005	0.005	0.005	0.006	0.006	0.006	0.007	0.007	0.006	0.006	0.007	0.008	0.008	0.009	0.01	0.01	0.011	0.012	0.013	0.015	0.016	0.017	0.018	0.019	0.02	0.021	0.022	0.023	0.024	0.025	0.025	0.026	0.027	0.027	0.028	0.029	0.03	0.032	0.034	0.037	0.04	0.043	0.046	0.05	0.054	0.058	0.062	0.066	0.071	0.076	0.082	0.087	0.093	0.099	0.105	0.111	0.116	0.121	0.128	0.134	0.141	0.148	0.156
270	Gambia	99	0.001	0.001	0.001	0.001	0.001	0.002	0.002	0.002	0.002	0.002	0.002	0.002	0.002	0.002	0.003	0.003	0.003	0.003	0.003	0.004	0.004	0.004	0.004	0.004	0.004	0.004	0.004	0.005	0.005	0.006	0.006	0.007	0.007	0.008	0.009	0.009	0.01	0.011	0.012	0.012	0.013	0.013	0.014	0.014	0.015	0.015	0.016	0.016	0.017	0.017	0.018	0.019	0.02	0.021	0.023	0.024	0.026	0.028	0.031	0.033	0.036	0.038	0.041	0.044	0.047	0.051	0.054	0.058	0.062	0.066	0.069	0.073	0.076	0.081	0.085	0.089	0.094
270	Gambia	100	0.001	0.001	0.001	0.001	0.001	0.001	0.001	0.002	0.002	0.002	0.002	0.002	0.002	0.002	0.002	0.002	0.003	0.003	0.003	0.004	0.004	0.004	0.004	0.004	0.004	0.004	0.004	0.005	0.005	0.006	0.006	0.007	0.008	0.008	0.009	0.01	0.01	0.012	0.012	0.014	0.014	0.016	0.016	0.017	0.019	0.019	0.019	0.019	0.021	0.022	0.022	0.023	0.023	0.024	0.027	0.029	0.031	0.033	0.035	0.038	0.042	0.045	0.049	0.053	0.057	0.06	0.066	0.071	0.076	0.081	0.086	0.092	0.098	0.104	0.109	0.116	0.121
