country_code	country	age	1949	1950	1951	1952	1953	1954	1955	1956	1957	1958	1959	1960	1961	1962	1963	1964	1965	1966	1967	1968	1969	1970	1971	1972	1973	1974	1975	1976	1977	1978	1979	1980	1981	1982	1983	1984	1985	1986	1987	1988	1989	1990	1991	1992	1993	1994	1995	1996	1997	1998	1999	2000	2001	2002	2003	2004	2005	2006	2007	2008	2009	2010	2011	2012	2013	2014	2015	2016	2017	2018	2019	2020	2021	2022	2023
270	Gambia	0	6.499	6.938	7.18	7.418	7.649	7.874	8.094	8.311	8.528	8.747	8.969	9.195	9.424	9.65	9.871	10.084	10.286	10.469	10.706	10.949	11.227	11.495	11.898	12.253	12.614	12.973	13.395	13.858	14.366	14.903	15.513	16.204	16.89	17.637	18.432	19.251	19.945	20.724	21.449	22.229	23.093	24.011	24.799	25.51	26.12	26.84	27.195	27.411	27.642	28.041	28.345	28.674	29.117	29.581	30.204	31.068	31.967	33.101	33.825	34.535	35.412	36.445	37.52	38.693	39.148	39.07	38.921	38.706	38.415	38.071	38.525	39.011	39.534	39.969	40.475
270	Gambia	1	5.941	5.625	6.014	6.235	6.453	6.667	6.872	7.078	7.288	7.498	7.712	7.932	8.155	8.384	8.609	8.83	9.048	9.251	9.442	9.68	9.925	10.201	10.471	10.865	11.217	11.599	11.961	12.389	12.855	13.356	13.899	14.503	15.182	15.863	16.611	17.356	18.17	18.868	19.647	20.383	21.182	22.064	22.998	23.787	24.461	25.073	25.817	26.215	26.473	26.755	27.184	27.534	27.901	28.377	28.877	29.528	30.416	31.344	32.498	33.249	33.98	34.875	35.928	37.019	38.206	38.682	38.629	38.504	38.312	38.043	37.72	38.202	38.7	39.224	39.674
270	Gambia	2	5.628	5.148	4.887	5.238	5.444	5.649	5.846	6.043	6.247	6.457	6.669	6.887	7.11	7.34	7.573	7.804	8.036	8.259	8.474	8.677	8.923	9.176	9.46	9.739	10.134	10.516	10.908	11.288	11.727	12.201	12.717	13.27	13.878	14.566	15.263	15.98	16.736	17.559	18.271	19.062	19.814	20.629	21.525	22.45	23.192	23.86	24.488	25.25	25.669	25.958	26.26	26.713	27.086	27.472	27.97	28.487	29.153	30.059	31.001	32.165	32.925	33.668	34.573	35.634	36.734	37.926	38.411	38.372	38.259	38.079	37.821	37.521	38.009	38.507	39.037
270	Gambia	3	5.28	5.197	4.76	4.525	4.855	5.051	5.246	5.435	5.627	5.828	6.034	6.245	6.461	6.683	6.911	7.143	7.376	7.606	7.831	8.048	8.255	8.501	8.756	9.04	9.321	9.737	10.123	10.522	10.908	11.352	11.833	12.354	12.909	13.522	14.22	14.887	15.609	16.369	17.196	17.916	18.714	19.473	20.293	21.172	22.04	22.768	23.439	24.077	24.844	25.28	25.582	25.899	26.363	26.748	27.15	27.66	28.188	28.868	29.783	30.732	31.898	32.664	33.415	34.326	35.392	36.494	37.689	38.181	38.151	38.047	37.874	37.636	37.345	37.833	38.336
270	Gambia	4	4.962	5.046	4.969	4.555	4.333	4.651	4.84	5.029	5.214	5.403	5.601	5.804	6.012	6.225	6.445	6.671	6.902	7.132	7.361	7.585	7.802	8.009	8.254	8.508	8.79	9.094	9.51	9.9	10.303	10.692	11.141	11.625	12.147	12.705	13.328	13.996	14.666	15.392	16.154	16.983	17.707	18.507	19.268	20.069	20.889	21.738	22.462	23.137	23.777	24.548	24.99	25.301	25.625	26.096	26.491	26.903	27.42	27.958	28.645	29.565	30.515	31.682	32.453	33.207	34.122	35.188	36.291	37.485	37.982	37.958	37.861	37.705	37.474	37.185	37.677
270	Gambia	5	4.673	4.83	4.913	4.839	4.438	4.223	4.533	4.719	4.904	5.086	5.273	5.468	5.669	5.874	6.086	6.303	6.527	6.755	6.984	7.213	7.435	7.65	7.856	8.1	8.352	8.656	8.962	9.381	9.774	10.178	10.572	11.024	11.508	12.033	12.6	13.196	13.867	14.539	15.266	16.032	16.862	17.587	18.387	19.127	19.87	20.672	21.514	22.238	22.91	23.553	24.325	24.77	25.084	25.414	25.891	26.292	26.71	27.235	27.777	28.467	29.387	30.338	31.507	32.279	33.034	33.949	35.015	36.117	37.31	37.809	37.79	37.707	37.556	37.327	37.044
270	Gambia	6	4.411	4.594	4.749	4.831	4.76	4.366	4.155	4.46	4.643	4.826	5.007	5.192	5.385	5.584	5.788	5.997	6.213	6.435	6.662	6.889	7.116	7.337	7.552	7.757	7.999	8.271	8.577	8.887	9.309	9.704	10.112	10.508	10.961	11.447	11.982	12.525	13.123	13.796	14.47	15.2	15.967	16.796	17.521	18.301	18.983	19.711	20.506	21.345	22.066	22.739	23.381	24.152	24.597	24.915	25.25	25.731	26.135	26.559	27.087	27.632	28.322	29.243	30.194	31.361	32.133	32.889	33.801	34.866	35.967	37.158	37.66	37.653	37.574	37.425	37.2
270	Gambia	7	4.173	4.36	4.542	4.694	4.776	4.706	4.317	4.109	4.411	4.592	4.774	4.953	5.137	5.329	5.527	5.728	5.937	6.151	6.372	6.598	6.824	7.049	7.269	7.483	7.687	7.949	8.223	8.533	8.846	9.269	9.668	10.079	10.476	10.932	11.426	11.94	12.487	13.086	13.761	14.439	15.17	15.937	16.764	17.471	18.194	18.863	19.585	20.377	21.211	21.931	22.603	23.245	24.014	24.459	24.781	25.12	25.603	26.012	26.438	26.967	27.513	28.204	29.124	30.075	31.24	32.011	32.765	33.676	34.739	35.839	37.029	37.539	37.535	37.457	37.311
270	Gambia	8	3.973	4.137	4.323	4.503	4.654	4.735	4.666	4.281	4.075	4.375	4.555	4.736	4.914	5.096	5.287	5.483	5.684	5.891	6.105	6.325	6.55	6.774	6.999	7.217	7.43	7.655	7.919	8.196	8.509	8.825	9.253	9.654	10.065	10.464	10.929	11.405	11.922	12.472	13.073	13.751	14.43	15.162	15.928	16.736	17.389	18.1	18.764	19.482	20.271	21.104	21.823	22.494	23.133	23.902	24.349	24.674	25.015	25.501	25.911	26.34	26.869	27.415	28.107	29.026	29.975	31.137	31.907	32.661	33.571	34.631	35.731	36.926	37.437	37.433	37.358
270	Gambia	9	3.808	3.945	4.108	4.293	4.471	4.622	4.702	4.633	4.252	4.048	4.345	4.525	4.705	4.882	5.063	5.253	5.449	5.648	5.855	6.069	6.287	6.511	6.735	6.958	7.177	7.407	7.635	7.903	8.184	8.5	8.819	9.248	9.65	10.065	10.472	10.921	11.4	11.918	12.471	13.076	13.756	14.436	15.167	15.916	16.671	17.313	18.019	18.681	19.397	20.184	21.015	21.732	22.402	23.04	23.81	24.26	24.586	24.93	25.417	25.829	26.257	26.786	27.333	28.025	28.942	29.89	31.05	31.818	32.571	33.479	34.54	35.644	36.839	37.349	37.347
270	Gambia	10	3.665	3.785	3.921	4.083	4.267	4.444	4.594	4.674	4.606	4.227	4.025	4.321	4.499	4.678	4.854	5.035	5.224	5.419	5.619	5.825	6.038	6.256	6.479	6.701	6.924	7.16	7.393	7.624	7.896	8.18	8.499	8.822	9.251	9.656	10.078	10.47	10.922	11.404	11.925	12.48	13.088	13.769	14.448	15.163	15.862	16.607	17.245	17.95	18.609	19.323	20.11	20.939	21.654	22.324	22.963	23.733	24.183	24.512	24.858	25.346	25.758	26.187	26.716	27.263	27.955	28.87	29.816	30.975	31.742	32.494	33.402	34.466	35.57	36.762	37.274
270	Gambia	11	3.526	3.645	3.764	3.9	4.061	4.243	4.42	4.569	4.648	4.581	4.205	4.004	4.299	4.477	4.655	4.83	5.011	5.199	5.393	5.593	5.799	6.01	6.228	6.45	6.672	6.911	7.149	7.386	7.621	7.896	8.184	8.505	8.829	9.26	9.672	10.08	10.476	10.931	11.414	11.939	12.496	13.105	13.786	14.45	15.116	15.806	16.547	17.184	17.886	18.544	19.258	20.043	20.87	21.584	22.255	22.895	23.666	24.117	24.448	24.795	25.283	25.695	26.125	26.654	27.201	27.891	28.804	29.75	30.907	31.673	32.425	33.338	34.401	35.503	36.695
270	Gambia	12	3.425	3.509	3.627	3.746	3.881	4.041	4.223	4.398	4.546	4.626	4.559	4.186	3.986	4.279	4.457	4.634	4.809	4.989	5.176	5.37	5.57	5.775	5.986	6.203	6.424	6.661	6.902	7.144	7.384	7.623	7.901	8.191	8.513	8.84	9.278	9.676	10.088	10.486	10.943	11.43	11.957	12.515	13.124	13.791	14.41	15.066	15.75	16.49	17.125	17.826	18.484	19.196	19.979	20.805	21.519	22.192	22.832	23.604	24.055	24.388	24.734	25.223	25.636	26.066	26.595	27.141	27.83	28.742	29.687	30.842	31.608	32.365	33.277	34.339	35.44
270	Gambia	13	3.347	3.41	3.493	3.611	3.729	3.864	4.023	4.203	4.378	4.525	4.605	4.539	4.168	3.97	4.262	4.438	4.615	4.79	4.97	5.157	5.351	5.551	5.755	5.965	6.181	6.415	6.654	6.898	7.144	7.387	7.629	7.909	8.2	8.525	8.858	9.282	9.684	10.098	10.498	10.958	11.447	11.976	12.534	13.13	13.756	14.361	15.011	15.695	16.431	17.066	17.765	18.422	19.132	19.915	20.741	21.455	22.128	22.771	23.544	23.996	24.329	24.675	25.163	25.578	26.006	26.535	27.08	27.767	28.679	29.621	30.775	31.549	32.305	33.214	34.276
270	Gambia	14	3.271	3.335	3.398	3.481	3.598	3.716	3.849	4.008	4.187	4.361	4.508	4.587	4.522	4.154	3.957	4.248	4.424	4.6	4.776	4.955	5.142	5.335	5.534	5.739	5.948	6.172	6.408	6.651	6.898	7.147	7.393	7.638	7.917	8.212	8.543	8.862	9.289	9.693	10.109	10.512	10.974	11.464	11.994	12.538	13.1	13.707	14.305	14.953	15.633	16.369	17.002	17.699	18.354	19.063	19.846	20.673	21.388	22.063	22.708	23.48	23.932	24.265	24.611	25.101	25.514	25.942	26.469	27.012	27.698	28.608	29.549	30.712	31.485	32.237	33.146
270	Gambia	15	3.202	3.263	3.328	3.39	3.473	3.589	3.706	3.839	3.997	4.175	4.349	4.495	4.574	4.51	4.143	3.948	4.238	4.413	4.591	4.767	4.945	5.131	5.324	5.523	5.727	5.94	6.165	6.404	6.65	6.899	7.152	7.4	7.643	7.927	8.229	8.545	8.867	9.296	9.702	10.121	10.527	10.989	11.479	11.996	12.513	13.048	13.645	14.241	14.886	15.565	16.298	16.929	17.623	18.276	18.987	19.771	20.598	21.316	21.993	22.639	23.41	23.861	24.194	24.541	25.03	25.442	25.867	26.392	26.933	27.617	28.526	29.48	30.641	31.408	32.161
270	Gambia	16	3.165	3.199	3.261	3.324	3.386	3.469	3.585	3.701	3.833	3.99	4.168	4.34	4.486	4.565	4.502	4.138	3.944	4.232	4.409	4.587	4.763	4.941	5.127	5.319	5.518	5.733	5.95	6.182	6.427	6.678	6.934	7.19	7.435	7.687	7.984	8.338	8.666	8.997	9.437	9.854	10.282	10.695	11.163	11.607	11.977	12.456	12.979	13.573	14.166	14.809	15.485	16.215	16.843	17.534	18.189	18.901	19.686	20.518	21.237	21.915	22.56	23.328	23.78	24.114	24.459	24.946	25.354	25.777	26.299	26.839	27.521	28.446	29.399	30.551	31.318
270	Gambia	17	3.098	3.168	3.202	3.263	3.326	3.388	3.47	3.585	3.701	3.832	3.989	4.165	4.337	4.482	4.561	4.498	4.137	3.945	4.234	4.412	4.59	4.765	4.942	5.129	5.32	5.527	5.748	5.97	6.209	6.46	6.717	6.978	7.229	7.486	7.751	8.119	8.486	8.826	9.17	9.622	10.052	10.489	10.908	11.322	11.593	11.914	12.378	12.898	13.489	14.079	14.719	15.39	16.117	16.742	17.435	18.091	18.806	19.595	20.429	21.15	21.824	22.467	23.236	23.688	24.019	24.362	24.845	25.249	25.67	26.189	26.727	27.432	28.355	29.296	30.447
270	Gambia	18	3.009	3.105	3.174	3.208	3.268	3.331	3.393	3.474	3.589	3.704	3.835	3.99	4.166	4.337	4.482	4.56	4.498	4.139	3.953	4.242	4.419	4.597	4.772	4.949	5.135	5.33	5.542	5.769	5.998	6.245	6.502	6.764	7.018	7.281	7.554	7.905	8.288	8.668	9.023	9.382	9.847	10.287	10.73	11.088	11.312	11.523	11.827	12.287	12.804	13.391	13.978	14.612	15.28	16.002	16.631	17.324	17.983	18.705	19.496	20.331	21.049	21.721	22.363	23.131	23.58	23.908	24.245	24.725	25.125	25.543	26.059	26.625	27.329	28.238	29.178
270	Gambia	19	2.921	3.019	3.114	3.183	3.217	3.277	3.34	3.401	3.482	3.596	3.71	3.84	3.995	4.17	4.34	4.484	4.562	4.501	4.15	3.966	4.254	4.431	4.609	4.784	4.96	5.146	5.345	5.565	5.799	6.035	6.288	6.55	6.802	7.073	7.352	7.721	8.088	8.485	8.881	9.252	9.625	10.101	10.547	10.926	11.082	11.234	11.427	11.728	12.184	12.697	13.279	13.86	14.49	15.154	15.88	16.509	17.206	17.872	18.597	19.39	20.221	20.934	21.607	22.248	23.012	23.456	23.777	24.11	24.586	24.983	25.397	25.946	26.511	27.198	28.106
270	Gambia	20	2.848	2.934	3.032	3.126	3.194	3.228	3.288	3.35	3.41	3.491	3.604	3.718	3.848	4.001	4.175	4.344	4.488	4.566	4.511	4.164	3.983	4.269	4.446	4.624	4.798	4.969	5.161	5.367	5.595	5.835	6.078	6.337	6.585	6.858	7.144	7.526	7.913	8.294	8.708	9.119	9.506	9.89	10.373	10.751	10.92	10.997	11.129	11.319	11.616	12.068	12.577	13.154	13.729	14.354	15.023	15.748	16.382	17.087	17.757	18.483	19.272	20.098	20.812	21.483	22.121	22.877	23.313	23.631	23.96	24.43	24.824	25.275	25.823	26.371	27.057
270	Gambia	21	2.768	2.862	2.948	3.045	3.138	3.206	3.239	3.299	3.361	3.421	3.501	3.614	3.727	3.856	4.008	4.181	4.349	4.492	4.576	4.524	4.181	4.001	4.287	4.464	4.64	4.805	4.981	5.181	5.393	5.628	5.875	6.123	6.365	6.636	6.924	7.32	7.719	8.119	8.517	8.947	9.374	9.772	10.164	10.576	10.746	10.83	10.886	11.015	11.201	11.495	11.942	12.445	13.016	13.587	14.216	14.885	15.615	16.259	16.968	17.639	18.361	19.145	19.97	20.683	21.349	21.981	22.727	23.158	23.471	23.795	24.262	24.696	25.146	25.675	26.223
270	Gambia	22	2.697	2.783	2.877	2.962	3.058	3.15	3.218	3.251	3.31	3.371	3.432	3.511	3.623	3.736	3.864	4.015	4.187	4.354	4.503	4.587	4.537	4.199	4.021	4.306	4.483	4.642	4.812	4.994	5.2	5.419	5.659	5.911	6.139	6.405	6.69	7.093	7.505	7.916	8.333	8.747	9.191	9.63	10.034	10.358	10.572	10.653	10.714	10.767	10.892	11.076	11.365	11.806	12.304	12.87	13.446	14.075	14.75	15.488	16.137	16.847	17.514	18.231	19.015	19.839	20.546	21.205	21.827	22.567	22.993	23.3	23.622	24.131	24.564	24.994	25.523
270	Gambia	23	2.632	2.713	2.798	2.891	2.975	3.07	3.162	3.229	3.262	3.321	3.382	3.442	3.521	3.632	3.744	3.871	4.022	4.193	4.366	4.515	4.601	4.552	4.217	4.043	4.325	4.478	4.642	4.816	5.004	5.215	5.438	5.681	5.914	6.166	6.444	6.845	7.263	7.688	8.114	8.546	8.973	9.427	9.871	10.212	10.355	10.476	10.534	10.592	10.643	10.765	10.944	11.229	11.665	12.158	12.729	13.305	13.941	14.624	15.367	16.017	16.723	17.385	18.102	18.883	19.703	20.402	21.051	21.666	22.4	22.82	23.124	23.49	23.998	24.411	24.841
270	Gambia	24	2.58	2.649	2.729	2.814	2.906	2.989	3.083	3.174	3.24	3.274	3.332	3.393	3.453	3.532	3.642	3.753	3.88	4.03	4.205	4.379	4.529	4.613	4.566	4.236	4.064	4.313	4.469	4.637	4.815	5.005	5.22	5.446	5.671	5.925	6.185	6.583	6.998	7.427	7.865	8.304	8.748	9.184	9.644	10.029	10.208	10.259	10.356	10.412	10.467	10.515	10.634	10.809	11.089	11.52	12.019	12.59	13.172	13.818	14.506	15.249	15.896	16.596	17.259	17.973	18.749	19.56	20.25	20.892	21.502	22.228	22.644	22.996	23.358	23.845	24.259
270	Gambia	25	2.516	2.596	2.664	2.744	2.828	2.919	3.001	3.095	3.185	3.251	3.284	3.342	3.403	3.463	3.541	3.651	3.762	3.887	4.043	4.218	4.392	4.542	4.627	4.581	4.255	4.047	4.296	4.454	4.623	4.804	4.996	5.213	5.421	5.665	5.924	6.307	6.715	7.14	7.581	8.03	8.481	8.933	9.372	9.78	10.026	10.114	10.142	10.236	10.288	10.341	10.387	10.501	10.672	10.948	11.385	11.885	12.462	13.053	13.704	14.393	15.132	15.773	16.474	17.135	17.844	18.612	19.413	20.096	20.732	21.335	22.056	22.52	22.865	23.208	23.695
270	Gambia	26	2.466	2.532	2.611	2.679	2.758	2.841	2.932	3.013	3.106	3.195	3.261	3.294	3.352	3.413	3.472	3.55	3.659	3.769	3.9	4.057	4.232	4.405	4.554	4.641	4.596	4.226	4.022	4.27	4.429	4.598	4.779	4.972	5.171	5.396	5.642	6.027	6.42	6.836	7.271	7.722	8.18	8.637	9.092	9.485	9.777	9.934	9.998	10.024	10.115	10.165	10.214	10.258	10.368	10.536	10.819	11.256	11.763	12.349	12.944	13.595	14.28	15.014	15.655	16.354	17.011	17.712	18.47	19.263	19.941	20.571	21.169	21.937	22.391	22.718	23.063
270	Gambia	27	2.362	2.482	2.547	2.626	2.693	2.771	2.854	2.943	3.024	3.116	3.205	3.27	3.304	3.361	3.422	3.481	3.559	3.667	3.783	3.914	4.07	4.245	4.417	4.567	4.653	4.555	4.189	3.986	4.232	4.389	4.559	4.739	4.913	5.128	5.352	5.725	6.118	6.518	6.942	7.386	7.844	8.306	8.766	9.181	9.482	9.687	9.822	9.883	9.907	9.996	10.042	10.088	10.128	10.237	10.411	10.696	11.139	11.654	12.245	12.842	13.489	14.168	14.901	15.541	16.236	16.884	17.576	18.327	19.114	19.785	20.41	21.056	21.812	22.248	22.576
270	Gambia	28	2.217	2.377	2.496	2.561	2.639	2.705	2.782	2.864	2.953	3.033	3.125	3.213	3.278	3.311	3.369	3.429	3.488	3.566	3.68	3.795	3.926	4.082	4.257	4.429	4.578	4.603	4.505	4.14	3.938	4.179	4.334	4.501	4.665	4.852	5.063	5.417	5.797	6.195	6.602	7.033	7.482	7.945	8.408	8.834	9.178	9.396	9.578	9.711	9.769	9.791	9.876	9.92	9.963	10.001	10.116	10.292	10.583	11.036	11.555	12.148	12.74	13.382	14.061	14.792	15.428	16.115	16.754	17.439	18.185	18.964	19.63	20.302	20.935	21.672	22.11
270	Gambia	29	2.069	2.231	2.39	2.507	2.572	2.649	2.715	2.792	2.873	2.961	3.041	3.132	3.22	3.284	3.317	3.375	3.435	3.494	3.576	3.691	3.807	3.937	4.093	4.267	4.438	4.52	4.542	4.443	4.077	3.872	4.11	4.261	4.412	4.588	4.767	5.111	5.47	5.854	6.257	6.669	7.104	7.556	8.02	8.455	8.83	9.094	9.291	9.471	9.6	9.657	9.676	9.758	9.799	9.84	9.885	10.002	10.185	10.485	10.943	11.462	12.052	12.639	13.281	13.957	14.684	15.312	15.99	16.623	17.302	18.042	18.816	19.525	20.185	20.8	21.538
270	Gambia	30	1.944	2.083	2.243	2.4	2.517	2.581	2.657	2.722	2.798	2.879	2.967	3.046	3.136	3.224	3.288	3.321	3.379	3.438	3.502	3.584	3.7	3.815	3.946	4.102	4.274	4.374	4.452	4.469	4.366	3.997	3.791	4.024	4.16	4.32	4.485	4.799	5.146	5.508	5.896	6.302	6.717	7.153	7.606	8.046	8.449	8.749	8.993	9.187	9.364	9.491	9.545	9.561	9.641	9.68	9.727	9.774	9.898	10.09	10.395	10.854	11.37	11.955	12.542	13.181	13.854	14.572	15.193	15.865	16.492	17.166	17.9	18.714	19.41	20.054	20.67
270	Gambia	31	1.8	1.956	2.093	2.252	2.407	2.523	2.586	2.662	2.726	2.802	2.882	2.969	3.048	3.138	3.224	3.288	3.322	3.379	3.443	3.509	3.591	3.707	3.821	3.952	4.108	4.204	4.299	4.37	4.382	4.272	3.903	3.695	3.913	4.056	4.204	4.503	4.819	5.169	5.533	5.923	6.331	6.747	7.182	7.616	8.04	8.372	8.652	8.893	9.084	9.258	9.382	9.434	9.447	9.525	9.571	9.62	9.674	9.807	10.003	10.311	10.766	11.278	11.862	12.447	13.083	13.748	14.458	15.073	15.74	16.36	17.03	17.801	18.602	19.284	19.928
270	Gambia	32	1.715	1.811	1.965	2.101	2.258	2.412	2.526	2.588	2.664	2.728	2.803	2.883	2.969	3.047	3.136	3.223	3.287	3.32	3.382	3.447	3.513	3.595	3.711	3.825	3.956	4.035	4.125	4.213	4.278	4.281	4.167	3.796	3.578	3.802	3.93	4.21	4.511	4.829	5.179	5.545	5.936	6.344	6.758	7.18	7.608	7.965	8.279	8.556	8.793	8.981	9.152	9.275	9.323	9.335	9.418	9.467	9.522	9.584	9.722	9.921	10.226	10.678	11.19	11.772	12.353	12.983	13.639	14.343	14.953	15.614	16.231	16.935	17.693	18.48	19.163
270	Gambia	33	1.679	1.724	1.819	1.971	2.106	2.262	2.414	2.526	2.588	2.663	2.727	2.802	2.881	2.966	3.044	3.133	3.219	3.282	3.32	3.383	3.448	3.514	3.596	3.712	3.826	3.88	3.953	4.036	4.116	4.172	4.17	4.053	3.672	3.463	3.67	3.929	4.21	4.511	4.829	5.18	5.547	5.937	6.343	6.746	7.171	7.537	7.875	8.186	8.459	8.695	8.881	9.048	9.168	9.215	9.233	9.318	9.372	9.436	9.502	9.643	9.84	10.143	10.594	11.105	11.682	12.257	12.88	13.531	14.229	14.834	15.491	16.139	16.831	17.577	18.364
270	Gambia	34	1.656	1.686	1.731	1.825	1.975	2.108	2.262	2.413	2.525	2.586	2.66	2.724	2.798	2.877	2.962	3.039	3.127	3.213	3.28	3.318	3.383	3.447	3.513	3.596	3.71	3.749	3.798	3.863	3.938	4.009	4.06	4.052	3.923	3.553	3.33	3.664	3.923	4.204	4.506	4.824	5.174	5.54	5.929	6.326	6.736	7.103	7.453	7.787	8.094	8.364	8.597	8.78	8.945	9.064	9.115	9.136	9.226	9.287	9.355	9.425	9.564	9.76	10.063	10.512	11.02	11.592	12.16	12.777	13.423	14.116	14.716	15.403	16.039	16.719	17.466
270	Gambia	35	1.604	1.661	1.691	1.735	1.828	1.977	2.109	2.261	2.41	2.52	2.582	2.655	2.719	2.792	2.87	2.955	3.032	3.119	3.208	3.276	3.314	3.38	3.444	3.509	3.593	3.634	3.667	3.709	3.766	3.83	3.896	3.941	3.92	3.799	3.417	3.322	3.655	3.915	4.196	4.496	4.815	5.164	5.528	5.909	6.315	6.672	7.023	7.369	7.7	8.004	8.271	8.502	8.68	8.844	8.967	9.021	9.047	9.144	9.209	9.28	9.349	9.487	9.683	9.985	10.432	10.934	11.5	12.063	12.674	13.316	14.004	14.631	15.306	15.932	16.614
270	Gambia	36	1.576	1.607	1.664	1.693	1.737	1.829	1.976	2.106	2.257	2.404	2.514	2.575	2.648	2.711	2.784	2.861	2.946	3.022	3.113	3.202	3.27	3.308	3.374	3.438	3.504	3.517	3.552	3.578	3.612	3.66	3.718	3.779	3.811	3.796	3.662	3.406	3.313	3.646	3.904	4.186	4.486	4.803	5.152	5.508	5.898	6.254	6.597	6.943	7.286	7.614	7.915	8.179	8.407	8.584	8.75	8.876	8.934	8.967	9.068	9.135	9.206	9.273	9.412	9.608	9.908	10.35	10.846	11.407	11.965	12.573	13.21	13.922	14.537	15.202	15.831
270	Gambia	37	1.535	1.577	1.608	1.664	1.693	1.737	1.827	1.973	2.101	2.25	2.396	2.505	2.566	2.638	2.701	2.773	2.85	2.934	3.014	3.104	3.194	3.261	3.3	3.366	3.43	3.429	3.436	3.465	3.483	3.509	3.55	3.603	3.652	3.689	3.661	3.648	3.396	3.306	3.637	3.896	4.177	4.476	4.793	5.133	5.496	5.84	6.182	6.521	6.864	7.204	7.529	7.826	8.088	8.313	8.494	8.661	8.791	8.855	8.892	8.995	9.062	9.132	9.201	9.339	9.534	9.83	10.267	10.757	11.315	11.869	12.472	13.132	13.831	14.438	15.105
270	Gambia	38	1.478	1.535	1.576	1.607	1.662	1.691	1.734	1.824	1.968	2.095	2.243	2.387	2.495	2.555	2.627	2.689	2.761	2.838	2.924	3.003	3.094	3.183	3.25	3.289	3.355	3.356	3.35	3.352	3.372	3.382	3.403	3.439	3.481	3.534	3.558	3.647	3.636	3.388	3.301	3.631	3.89	4.171	4.468	4.777	5.12	5.441	5.772	6.11	6.446	6.785	7.122	7.443	7.737	7.998	8.226	8.407	8.578	8.713	8.781	8.821	8.922	8.989	9.059	9.129	9.266	9.458	9.75	10.183	10.669	11.223	11.773	12.396	13.043	13.735	14.345
270	Gambia	39	1.421	1.476	1.532	1.573	1.604	1.658	1.687	1.73	1.818	1.96	2.086	2.232	2.375	2.482	2.541	2.613	2.675	2.746	2.825	2.912	2.991	3.081	3.17	3.237	3.276	3.283	3.279	3.267	3.262	3.274	3.28	3.296	3.322	3.368	3.407	3.545	3.635	3.627	3.382	3.299	3.628	3.887	4.166	4.455	4.764	5.067	5.376	5.703	6.038	6.371	6.707	7.041	7.359	7.65	7.913	8.142	8.325	8.502	8.639	8.709	8.749	8.848	8.917	8.987	9.057	9.191	9.379	9.668	10.098	10.58	11.13	11.698	12.309	12.95	13.644
270	Gambia	40	1.377	1.418	1.472	1.528	1.568	1.598	1.652	1.681	1.723	1.81	1.951	2.075	2.22	2.361	2.467	2.526	2.598	2.659	2.732	2.811	2.897	2.976	3.066	3.155	3.221	3.206	3.208	3.197	3.178	3.168	3.175	3.176	3.183	3.213	3.246	3.396	3.535	3.625	3.62	3.379	3.299	3.626	3.884	4.156	4.441	4.713	5.005	5.311	5.634	5.966	6.296	6.629	6.959	7.274	7.567	7.831	8.061	8.249	8.428	8.567	8.636	8.676	8.777	8.846	8.916	8.982	9.114	9.299	9.586	10.012	10.491	11.057	11.613	12.218	12.861
270	Gambia	41	1.332	1.372	1.412	1.466	1.521	1.561	1.59	1.644	1.672	1.714	1.8	1.939	2.062	2.205	2.345	2.449	2.508	2.579	2.643	2.716	2.795	2.88	2.958	3.048	3.137	3.15	3.13	3.128	3.111	3.085	3.071	3.075	3.067	3.077	3.095	3.235	3.385	3.526	3.617	3.614	3.378	3.3	3.626	3.875	4.14	4.392	4.654	4.942	5.245	5.566	5.894	6.221	6.551	6.877	7.195	7.487	7.752	7.987	8.176	8.357	8.495	8.563	8.604	8.705	8.774	8.841	8.906	9.035	9.219	9.503	9.926	10.419	10.973	11.525	12.133
270	Gambia	42	1.285	1.326	1.365	1.405	1.458	1.512	1.551	1.581	1.633	1.661	1.703	1.788	1.926	2.047	2.188	2.326	2.43	2.489	2.561	2.625	2.697	2.776	2.862	2.939	3.028	3.068	3.076	3.051	3.044	3.02	2.991	2.972	2.968	2.965	2.964	3.084	3.225	3.375	3.517	3.61	3.609	3.378	3.301	3.618	3.86	4.093	4.335	4.595	4.88	5.179	5.497	5.822	6.146	6.473	6.8	7.116	7.41	7.678	7.914	8.104	8.284	8.422	8.49	8.532	8.632	8.7	8.765	8.828	8.956	9.137	9.42	9.856	10.337	10.886	11.441
270	Gambia	43	1.24	1.278	1.318	1.356	1.396	1.448	1.501	1.54	1.569	1.621	1.649	1.69	1.775	1.91	2.031	2.17	2.307	2.409	2.469	2.542	2.606	2.677	2.756	2.84	2.918	2.96	2.996	2.998	2.968	2.954	2.927	2.895	2.869	2.869	2.854	2.952	3.073	3.214	3.366	3.509	3.602	3.602	3.375	3.293	3.602	3.815	4.04	4.278	4.535	4.818	5.114	5.429	5.75	6.071	6.399	6.725	7.043	7.339	7.607	7.843	8.032	8.211	8.349	8.418	8.46	8.558	8.623	8.688	8.75	8.876	9.056	9.35	9.775	10.253	10.805
270	Gambia	44	1.197	1.232	1.269	1.308	1.346	1.385	1.436	1.489	1.528	1.556	1.608	1.636	1.676	1.76	1.894	2.013	2.15	2.285	2.389	2.449	2.521	2.585	2.656	2.734	2.818	2.851	2.888	2.919	2.917	2.881	2.864	2.834	2.795	2.772	2.762	2.841	2.939	3.061	3.203	3.356	3.499	3.593	3.595	3.364	3.278	3.559	3.764	3.986	4.222	4.476	4.756	5.049	5.36	5.679	6	6.327	6.654	6.973	7.27	7.538	7.772	7.96	8.139	8.277	8.346	8.386	8.483	8.547	8.61	8.671	8.796	8.988	9.271	9.693	10.175
270	Gambia	45	1.153	1.188	1.222	1.258	1.297	1.335	1.373	1.424	1.475	1.514	1.542	1.593	1.621	1.661	1.744	1.876	1.993	2.129	2.265	2.367	2.426	2.499	2.562	2.633	2.71	2.751	2.781	2.814	2.839	2.832	2.792	2.773	2.737	2.701	2.669	2.748	2.827	2.926	3.048	3.191	3.344	3.486	3.581	3.578	3.345	3.238	3.51	3.713	3.932	4.166	4.417	4.694	4.984	5.292	5.611	5.931	6.258	6.586	6.906	7.202	7.468	7.701	7.888	8.068	8.205	8.272	8.31	8.406	8.469	8.531	8.592	8.727	8.908	9.192	9.617
270	Gambia	46	1.109	1.143	1.177	1.21	1.246	1.285	1.322	1.359	1.409	1.46	1.498	1.527	1.577	1.605	1.645	1.726	1.857	1.972	2.109	2.242	2.344	2.402	2.476	2.538	2.608	2.646	2.683	2.708	2.737	2.756	2.745	2.703	2.677	2.645	2.6	2.651	2.73	2.81	2.91	3.033	3.176	3.328	3.47	3.56	3.554	3.303	3.191	3.462	3.662	3.878	4.109	4.359	4.633	4.92	5.227	5.545	5.865	6.193	6.521	6.839	7.133	7.398	7.63	7.818	7.995	8.13	8.197	8.234	8.328	8.391	8.453	8.522	8.647	8.831	9.119
270	Gambia	47	1.066	1.098	1.131	1.164	1.197	1.233	1.271	1.307	1.344	1.394	1.444	1.482	1.51	1.56	1.587	1.627	1.707	1.836	1.952	2.087	2.219	2.319	2.378	2.451	2.513	2.545	2.58	2.612	2.632	2.655	2.672	2.659	2.61	2.588	2.548	2.58	2.631	2.712	2.792	2.892	3.014	3.157	3.309	3.446	3.534	3.509	3.256	3.146	3.412	3.61	3.825	4.053	4.3	4.571	4.858	5.163	5.482	5.802	6.129	6.456	6.772	7.064	7.327	7.558	7.745	7.92	8.054	8.12	8.156	8.25	8.312	8.381	8.442	8.569	8.758
270	Gambia	48	1.026	1.055	1.086	1.118	1.151	1.184	1.219	1.256	1.292	1.329	1.377	1.427	1.465	1.492	1.542	1.569	1.608	1.688	1.816	1.93	2.063	2.194	2.293	2.352	2.424	2.452	2.481	2.512	2.539	2.554	2.575	2.587	2.569	2.524	2.495	2.524	2.557	2.609	2.69	2.77	2.87	2.993	3.134	3.282	3.418	3.488	3.459	3.209	3.099	3.363	3.558	3.77	3.996	4.241	4.511	4.796	5.101	5.42	5.739	6.065	6.389	6.704	6.994	7.255	7.485	7.67	7.843	7.976	8.041	8.076	8.169	8.238	8.298	8.362	8.495
270	Gambia	49	0.986	1.014	1.042	1.073	1.105	1.137	1.169	1.203	1.24	1.275	1.312	1.36	1.409	1.446	1.474	1.522	1.549	1.588	1.668	1.794	1.908	2.039	2.168	2.266	2.324	2.365	2.389	2.415	2.442	2.464	2.476	2.494	2.501	2.486	2.434	2.467	2.498	2.532	2.584	2.666	2.746	2.845	2.967	3.105	3.253	3.371	3.437	3.408	3.16	3.052	3.313	3.505	3.715	3.938	4.183	4.451	4.736	5.041	5.358	5.676	5.999	6.32	6.634	6.922	7.181	7.408	7.591	7.763	7.894	7.958	7.993	8.091	8.151	8.215	8.286
270	Gambia	50	0.945	0.973	1	1.028	1.058	1.089	1.121	1.152	1.186	1.222	1.257	1.293	1.341	1.389	1.426	1.453	1.501	1.528	1.568	1.647	1.771	1.883	2.012	2.14	2.236	2.266	2.304	2.326	2.347	2.369	2.39	2.4	2.412	2.422	2.401	2.405	2.439	2.47	2.505	2.557	2.638	2.718	2.817	2.935	3.075	3.207	3.32	3.385	3.356	3.111	3.004	3.261	3.452	3.658	3.882	4.124	4.392	4.676	4.981	5.296	5.61	5.93	6.249	6.56	6.846	7.102	7.328	7.508	7.678	7.808	7.872	7.912	8	8.063	8.135
270	Gambia	51	0.904	0.932	0.959	0.985	1.013	1.042	1.073	1.104	1.135	1.169	1.204	1.239	1.274	1.321	1.369	1.405	1.432	1.48	1.507	1.546	1.624	1.746	1.857	1.984	2.111	2.18	2.208	2.242	2.261	2.279	2.299	2.318	2.323	2.338	2.342	2.369	2.375	2.409	2.44	2.476	2.529	2.609	2.688	2.784	2.904	3.028	3.156	3.266	3.331	3.302	3.061	2.955	3.209	3.397	3.603	3.824	4.066	4.333	4.616	4.919	5.23	5.542	5.86	6.175	6.484	6.767	7.019	7.243	7.421	7.589	7.719	7.785	7.815	7.908	7.979
270	Gambia	52	0.866	0.89	0.917	0.943	0.969	0.996	1.025	1.055	1.086	1.117	1.149	1.184	1.218	1.253	1.299	1.347	1.382	1.409	1.457	1.484	1.523	1.601	1.721	1.83	1.955	2.058	2.124	2.15	2.181	2.198	2.213	2.232	2.247	2.254	2.264	2.309	2.337	2.344	2.379	2.41	2.446	2.499	2.578	2.654	2.751	2.858	2.977	3.103	3.212	3.275	3.247	3.009	2.904	3.156	3.343	3.547	3.767	4.009	4.274	4.555	4.855	5.162	5.472	5.786	6.098	6.403	6.683	6.933	7.154	7.33	7.497	7.627	7.684	7.72	7.82
270	Gambia	53	0.827	0.851	0.874	0.901	0.927	0.953	0.979	1.007	1.037	1.067	1.097	1.129	1.164	1.198	1.232	1.277	1.324	1.359	1.387	1.434	1.461	1.499	1.576	1.693	1.801	1.907	2.006	2.07	2.094	2.122	2.137	2.152	2.166	2.184	2.188	2.232	2.276	2.305	2.312	2.348	2.38	2.417	2.469	2.545	2.621	2.705	2.808	2.925	3.048	3.157	3.219	3.192	2.956	2.853	3.103	3.288	3.491	3.71	3.951	4.214	4.491	4.788	5.092	5.399	5.711	6.018	6.319	6.595	6.843	7.061	7.237	7.402	7.522	7.585	7.629
270	Gambia	54	0.789	0.811	0.835	0.858	0.884	0.909	0.934	0.96	0.988	1.017	1.047	1.076	1.108	1.142	1.175	1.209	1.254	1.3	1.335	1.362	1.409	1.436	1.473	1.55	1.665	1.757	1.86	1.957	2.018	2.04	2.068	2.083	2.094	2.111	2.127	2.156	2.2	2.244	2.275	2.282	2.319	2.35	2.387	2.436	2.511	2.576	2.656	2.756	2.872	2.993	3.1	3.162	3.134	2.903	2.803	3.05	3.235	3.437	3.654	3.893	4.153	4.426	4.721	5.022	5.324	5.632	5.936	6.233	6.505	6.751	6.966	7.139	7.295	7.42	7.492
270	Gambia	55	0.751	0.773	0.795	0.819	0.841	0.866	0.891	0.915	0.941	0.968	0.997	1.026	1.055	1.086	1.119	1.152	1.186	1.229	1.275	1.31	1.337	1.383	1.41	1.447	1.522	1.627	1.715	1.817	1.911	1.97	1.993	2.02	2.031	2.047	2.062	2.095	2.125	2.17	2.214	2.245	2.254	2.29	2.322	2.356	2.402	2.465	2.526	2.606	2.703	2.818	2.938	3.043	3.104	3.077	2.85	2.752	2.998	3.182	3.382	3.598	3.833	4.09	4.36	4.652	4.949	5.247	5.551	5.852	6.145	6.414	6.657	6.868	7.032	7.193	7.325
270	Gambia	56	0.714	0.734	0.756	0.777	0.8	0.822	0.846	0.871	0.895	0.919	0.946	0.975	1.003	1.032	1.062	1.095	1.128	1.16	1.204	1.25	1.284	1.311	1.356	1.383	1.419	1.487	1.59	1.678	1.778	1.871	1.929	1.952	1.975	1.991	2.007	2.031	2.065	2.096	2.142	2.185	2.218	2.227	2.264	2.292	2.319	2.356	2.417	2.476	2.555	2.651	2.763	2.881	2.984	3.045	3.02	2.798	2.703	2.947	3.129	3.328	3.541	3.773	4.026	4.293	4.581	4.875	5.169	5.469	5.766	6.054	6.321	6.558	6.761	6.929	7.096
270	Gambia	57	0.677	0.697	0.717	0.738	0.759	0.781	0.802	0.826	0.85	0.874	0.898	0.924	0.952	0.98	1.008	1.038	1.071	1.102	1.136	1.179	1.223	1.257	1.283	1.327	1.354	1.389	1.457	1.558	1.645	1.744	1.836	1.894	1.914	1.942	1.959	1.977	2.002	2.037	2.069	2.115	2.159	2.191	2.202	2.234	2.255	2.273	2.307	2.367	2.425	2.502	2.598	2.707	2.824	2.926	2.986	2.963	2.746	2.655	2.896	3.076	3.272	3.483	3.711	3.962	4.226	4.509	4.798	5.089	5.383	5.677	5.962	6.222	6.45	6.657	6.832
270	Gambia	58	0.64	0.66	0.68	0.699	0.719	0.74	0.761	0.782	0.805	0.829	0.852	0.875	0.901	0.928	0.956	0.984	1.013	1.045	1.076	1.109	1.152	1.195	1.229	1.255	1.298	1.328	1.364	1.431	1.532	1.618	1.716	1.808	1.863	1.887	1.917	1.929	1.949	1.975	2.011	2.044	2.09	2.135	2.168	2.175	2.195	2.207	2.223	2.257	2.316	2.373	2.449	2.543	2.651	2.765	2.867	2.927	2.906	2.695	2.606	2.844	3.021	3.215	3.423	3.648	3.896	4.155	4.434	4.719	5.005	5.295	5.586	5.862	6.114	6.345	6.558
270	Gambia	59	0.603	0.622	0.641	0.66	0.679	0.699	0.719	0.74	0.76	0.783	0.805	0.828	0.851	0.877	0.903	0.93	0.958	0.987	1.019	1.049	1.081	1.123	1.166	1.199	1.224	1.274	1.305	1.342	1.411	1.511	1.598	1.695	1.782	1.842	1.87	1.888	1.901	1.922	1.949	1.986	2.02	2.067	2.111	2.14	2.133	2.146	2.157	2.172	2.205	2.263	2.32	2.394	2.486	2.593	2.705	2.807	2.867	2.848	2.642	2.556	2.791	2.964	3.155	3.36	3.582	3.826	4.08	4.356	4.636	4.918	5.205	5.485	5.753	6.007	6.243
270	Gambia	60	0.568	0.585	0.603	0.622	0.64	0.658	0.678	0.697	0.717	0.737	0.759	0.782	0.804	0.826	0.851	0.877	0.904	0.93	0.96	0.991	1.021	1.052	1.094	1.135	1.167	1.203	1.253	1.287	1.326	1.395	1.497	1.584	1.676	1.767	1.83	1.839	1.86	1.874	1.896	1.925	1.963	1.997	2.045	2.082	2.094	2.082	2.093	2.104	2.119	2.151	2.209	2.264	2.337	2.427	2.533	2.645	2.744	2.806	2.789	2.588	2.504	2.735	2.905	3.094	3.294	3.513	3.752	4.002	4.274	4.548	4.826	5.102	5.374	5.645	5.903
270	Gambia	61	0.533	0.55	0.566	0.583	0.602	0.62	0.637	0.656	0.674	0.694	0.713	0.735	0.757	0.779	0.801	0.825	0.85	0.876	0.902	0.932	0.963	0.992	1.022	1.063	1.103	1.148	1.185	1.237	1.275	1.315	1.386	1.487	1.571	1.667	1.762	1.798	1.81	1.831	1.847	1.87	1.9	1.939	1.973	2.015	2.033	2.04	2.027	2.038	2.048	2.064	2.095	2.151	2.206	2.278	2.367	2.472	2.582	2.682	2.743	2.727	2.531	2.449	2.675	2.843	3.028	3.224	3.439	3.673	3.919	4.186	4.456	4.721	4.989	5.264	5.538
270	Gambia	62	0.498	0.515	0.531	0.546	0.563	0.581	0.598	0.615	0.633	0.651	0.671	0.689	0.71	0.731	0.753	0.774	0.798	0.823	0.848	0.873	0.902	0.932	0.96	0.99	1.03	1.086	1.133	1.172	1.227	1.267	1.31	1.383	1.48	1.568	1.668	1.729	1.766	1.779	1.801	1.82	1.844	1.875	1.914	1.942	1.964	1.977	1.982	1.969	1.979	1.991	2.006	2.037	2.092	2.146	2.217	2.305	2.408	2.518	2.616	2.677	2.662	2.47	2.391	2.613	2.777	2.959	3.15	3.361	3.591	3.831	4.093	4.35	4.609	4.877	5.154
270	Gambia	63	0.464	0.48	0.495	0.511	0.526	0.542	0.559	0.576	0.592	0.61	0.627	0.646	0.664	0.685	0.705	0.726	0.747	0.77	0.794	0.819	0.843	0.871	0.9	0.928	0.957	1.015	1.074	1.122	1.165	1.222	1.266	1.311	1.382	1.481	1.575	1.634	1.695	1.734	1.748	1.772	1.792	1.816	1.848	1.88	1.888	1.905	1.916	1.922	1.909	1.919	1.931	1.946	1.976	2.029	2.084	2.155	2.241	2.343	2.451	2.548	2.606	2.593	2.407	2.33	2.547	2.708	2.885	3.072	3.279	3.503	3.738	3.987	4.237	4.496	4.767
270	Gambia	64	0.433	0.445	0.46	0.475	0.49	0.504	0.52	0.536	0.552	0.568	0.585	0.602	0.62	0.637	0.658	0.677	0.698	0.718	0.741	0.765	0.788	0.812	0.84	0.868	0.895	0.945	1.005	1.066	1.118	1.165	1.225	1.27	1.314	1.388	1.493	1.541	1.601	1.661	1.701	1.716	1.742	1.763	1.787	1.813	1.823	1.826	1.842	1.853	1.859	1.847	1.857	1.868	1.884	1.914	1.966	2.02	2.09	2.175	2.276	2.382	2.477	2.533	2.521	2.341	2.266	2.477	2.635	2.807	2.989	3.191	3.411	3.632	3.874	4.124	4.385
270	Gambia	65	0.399	0.414	0.425	0.439	0.454	0.468	0.482	0.497	0.512	0.528	0.543	0.559	0.576	0.593	0.61	0.63	0.649	0.668	0.688	0.712	0.734	0.757	0.781	0.807	0.834	0.886	0.938	1.001	1.065	1.121	1.171	1.233	1.277	1.325	1.407	1.459	1.507	1.567	1.627	1.668	1.685	1.711	1.732	1.75	1.753	1.759	1.761	1.777	1.788	1.794	1.784	1.792	1.804	1.819	1.849	1.902	1.954	2.024	2.107	2.206	2.309	2.402	2.458	2.447	2.272	2.198	2.405	2.558	2.725	2.903	3.1	3.306	3.52	3.761	4.013
270	Gambia	66	0.367	0.38	0.394	0.404	0.418	0.432	0.446	0.459	0.473	0.488	0.503	0.517	0.533	0.549	0.566	0.583	0.601	0.62	0.639	0.658	0.681	0.702	0.725	0.748	0.774	0.828	0.881	0.937	1.005	1.072	1.132	1.184	1.244	1.293	1.351	1.373	1.425	1.473	1.533	1.594	1.634	1.653	1.68	1.693	1.688	1.688	1.692	1.694	1.709	1.721	1.728	1.718	1.726	1.737	1.754	1.784	1.835	1.888	1.956	2.038	2.134	2.234	2.325	2.379	2.369	2.2	2.128	2.329	2.478	2.64	2.813	2.996	3.195	3.409	3.651
270	Gambia	67	0.336	0.348	0.36	0.374	0.384	0.397	0.41	0.423	0.435	0.449	0.463	0.477	0.492	0.507	0.522	0.538	0.554	0.572	0.59	0.608	0.627	0.648	0.67	0.691	0.713	0.77	0.828	0.884	0.945	1.016	1.086	1.148	1.198	1.263	1.324	1.316	1.339	1.392	1.441	1.5	1.56	1.601	1.621	1.64	1.628	1.62	1.619	1.624	1.625	1.64	1.652	1.659	1.649	1.659	1.67	1.687	1.717	1.768	1.82	1.886	1.965	2.058	2.156	2.244	2.297	2.288	2.125	2.056	2.25	2.395	2.553	2.711	2.888	3.087	3.302
270	Gambia	68	0.305	0.317	0.329	0.34	0.353	0.362	0.375	0.387	0.399	0.411	0.424	0.438	0.452	0.465	0.48	0.494	0.51	0.525	0.543	0.56	0.577	0.595	0.616	0.636	0.656	0.713	0.772	0.834	0.895	0.96	1.034	1.107	1.167	1.222	1.298	1.287	1.282	1.307	1.359	1.409	1.468	1.527	1.568	1.58	1.57	1.557	1.549	1.548	1.553	1.553	1.568	1.58	1.587	1.579	1.589	1.601	1.619	1.648	1.698	1.749	1.813	1.89	1.98	2.075	2.161	2.212	2.204	2.046	1.98	2.168	2.309	2.453	2.605	2.782	2.981
270	Gambia	69	0.274	0.287	0.298	0.309	0.32	0.331	0.34	0.352	0.364	0.375	0.387	0.399	0.412	0.425	0.438	0.452	0.466	0.481	0.496	0.512	0.529	0.545	0.562	0.582	0.601	0.659	0.718	0.782	0.849	0.914	0.983	1.059	1.129	1.195	1.261	1.259	1.251	1.249	1.275	1.328	1.377	1.436	1.493	1.525	1.507	1.496	1.482	1.475	1.474	1.479	1.481	1.495	1.507	1.514	1.507	1.518	1.53	1.549	1.577	1.626	1.675	1.737	1.812	1.899	1.991	2.073	2.124	2.117	1.964	1.901	2.082	2.21	2.349	2.501	2.678
270	Gambia	70	0.245	0.256	0.268	0.278	0.288	0.299	0.31	0.318	0.329	0.34	0.351	0.362	0.373	0.386	0.398	0.41	0.424	0.437	0.451	0.465	0.481	0.497	0.512	0.528	0.547	0.607	0.668	0.731	0.8	0.871	0.94	1.012	1.085	1.159	1.238	1.22	1.221	1.216	1.216	1.245	1.297	1.346	1.404	1.449	1.448	1.429	1.417	1.405	1.398	1.398	1.404	1.406	1.419	1.431	1.44	1.434	1.445	1.458	1.476	1.506	1.552	1.599	1.659	1.731	1.815	1.903	1.983	2.032	2.025	1.878	1.819	1.986	2.108	2.246	2.398
270	Gambia	71	0.217	0.226	0.237	0.247	0.257	0.267	0.276	0.286	0.294	0.304	0.315	0.325	0.335	0.346	0.358	0.37	0.381	0.394	0.408	0.421	0.434	0.449	0.464	0.479	0.494	0.555	0.617	0.683	0.751	0.824	0.899	0.971	1.04	1.117	1.204	1.193	1.18	1.183	1.182	1.185	1.215	1.266	1.314	1.36	1.369	1.366	1.347	1.337	1.325	1.32	1.32	1.326	1.329	1.341	1.354	1.364	1.359	1.37	1.384	1.403	1.431	1.475	1.521	1.578	1.646	1.727	1.812	1.888	1.936	1.93	1.79	1.726	1.885	2.007	2.145
270	Gambia	72	0.191	0.199	0.208	0.217	0.227	0.236	0.245	0.253	0.263	0.27	0.28	0.29	0.299	0.309	0.319	0.33	0.341	0.352	0.364	0.378	0.391	0.403	0.417	0.431	0.445	0.505	0.568	0.635	0.705	0.778	0.854	0.931	1	1.073	1.162	1.156	1.149	1.14	1.147	1.148	1.155	1.185	1.235	1.27	1.278	1.285	1.28	1.263	1.254	1.244	1.239	1.241	1.247	1.25	1.263	1.275	1.285	1.282	1.294	1.309	1.326	1.353	1.396	1.44	1.495	1.559	1.636	1.717	1.791	1.836	1.832	1.691	1.631	1.786	1.908
270	Gambia	73	0.165	0.174	0.181	0.189	0.198	0.207	0.215	0.223	0.231	0.24	0.247	0.255	0.265	0.274	0.282	0.292	0.303	0.313	0.323	0.334	0.347	0.359	0.372	0.385	0.398	0.457	0.52	0.586	0.658	0.733	0.809	0.887	0.959	1.032	1.118	1.111	1.11	1.107	1.101	1.111	1.115	1.125	1.154	1.191	1.187	1.191	1.198	1.193	1.178	1.17	1.161	1.157	1.159	1.166	1.17	1.183	1.195	1.207	1.204	1.217	1.231	1.248	1.274	1.315	1.357	1.409	1.469	1.543	1.62	1.69	1.733	1.721	1.589	1.537	1.689
270	Gambia	74	0.142	0.149	0.157	0.164	0.171	0.179	0.187	0.194	0.201	0.209	0.217	0.223	0.232	0.24	0.248	0.257	0.266	0.275	0.285	0.295	0.305	0.317	0.328	0.34	0.352	0.412	0.473	0.539	0.611	0.687	0.763	0.84	0.914	0.99	1.075	1.065	1.062	1.064	1.064	1.062	1.075	1.081	1.092	1.11	1.106	1.099	1.104	1.11	1.106	1.092	1.085	1.078	1.075	1.077	1.084	1.089	1.102	1.116	1.127	1.126	1.137	1.151	1.168	1.193	1.232	1.272	1.32	1.377	1.447	1.52	1.586	1.619	1.608	1.49	1.447
270	Gambia	75	0.12	0.127	0.133	0.141	0.147	0.153	0.16	0.167	0.174	0.181	0.187	0.195	0.201	0.208	0.216	0.224	0.232	0.24	0.249	0.258	0.266	0.276	0.287	0.297	0.308	0.367	0.429	0.493	0.564	0.638	0.716	0.793	0.866	0.942	1.028	1.018	1.012	1.013	1.019	1.021	1.023	1.038	1.045	1.045	1.022	1.017	1.011	1.016	1.023	1.018	1.006	1	0.994	0.992	0.995	1.003	1.008	1.021	1.035	1.047	1.046	1.057	1.07	1.087	1.111	1.147	1.184	1.23	1.284	1.349	1.418	1.472	1.503	1.499	1.394
270	Gambia	76	0.099	0.107	0.113	0.118	0.125	0.13	0.136	0.142	0.149	0.155	0.161	0.167	0.174	0.179	0.186	0.193	0.2	0.207	0.215	0.223	0.231	0.239	0.248	0.258	0.268	0.324	0.383	0.449	0.516	0.59	0.665	0.743	0.815	0.888	0.976	0.967	0.962	0.959	0.963	0.972	0.979	0.983	0.997	0.994	0.955	0.933	0.928	0.924	0.929	0.935	0.931	0.92	0.915	0.91	0.909	0.913	0.922	0.928	0.941	0.955	0.965	0.965	0.976	0.989	1.004	1.027	1.062	1.095	1.138	1.188	1.25	1.307	1.357	1.392	1.393
270	Gambia	77	0.082	0.087	0.094	0.099	0.104	0.11	0.115	0.12	0.125	0.131	0.136	0.142	0.147	0.153	0.158	0.165	0.171	0.178	0.184	0.191	0.198	0.206	0.213	0.221	0.23	0.284	0.34	0.402	0.47	0.54	0.614	0.687	0.76	0.833	0.916	0.911	0.907	0.905	0.906	0.913	0.924	0.932	0.939	0.941	0.901	0.864	0.844	0.841	0.837	0.842	0.849	0.844	0.835	0.831	0.828	0.829	0.833	0.842	0.848	0.861	0.873	0.884	0.884	0.895	0.907	0.922	0.943	0.975	1.006	1.046	1.093	1.144	1.196	1.247	1.284
270	Gambia	78	0.066	0.072	0.076	0.082	0.087	0.091	0.096	0.1	0.104	0.109	0.114	0.119	0.124	0.129	0.134	0.139	0.145	0.15	0.156	0.162	0.168	0.175	0.181	0.188	0.195	0.247	0.3	0.358	0.421	0.491	0.56	0.632	0.699	0.771	0.853	0.848	0.846	0.847	0.847	0.852	0.861	0.873	0.882	0.879	0.845	0.808	0.775	0.758	0.755	0.752	0.757	0.764	0.76	0.751	0.75	0.748	0.749	0.754	0.763	0.77	0.781	0.793	0.803	0.804	0.814	0.826	0.839	0.859	0.889	0.916	0.953	0.992	1.037	1.09	1.142
270	Gambia	79	0.054	0.057	0.062	0.066	0.071	0.075	0.078	0.083	0.086	0.09	0.094	0.099	0.103	0.107	0.111	0.116	0.12	0.125	0.131	0.136	0.141	0.146	0.152	0.158	0.164	0.211	0.262	0.316	0.376	0.439	0.507	0.574	0.639	0.706	0.785	0.782	0.781	0.782	0.785	0.79	0.796	0.807	0.819	0.818	0.782	0.75	0.717	0.689	0.673	0.672	0.67	0.675	0.681	0.678	0.671	0.671	0.67	0.672	0.677	0.685	0.691	0.702	0.714	0.723	0.724	0.734	0.745	0.758	0.776	0.803	0.827	0.857	0.891	0.936	0.988
270	Gambia	80	0.042	0.046	0.049	0.053	0.056	0.06	0.064	0.067	0.07	0.073	0.077	0.08	0.084	0.088	0.092	0.095	0.1	0.103	0.108	0.112	0.117	0.121	0.126	0.131	0.137	0.179	0.225	0.275	0.33	0.39	0.451	0.516	0.576	0.639	0.712	0.711	0.711	0.714	0.718	0.724	0.73	0.738	0.749	0.751	0.719	0.686	0.658	0.63	0.605	0.592	0.591	0.59	0.595	0.601	0.599	0.594	0.594	0.594	0.596	0.602	0.609	0.615	0.625	0.636	0.645	0.646	0.655	0.665	0.677	0.694	0.719	0.737	0.762	0.796	0.841
270	Gambia	81	0.031	0.036	0.039	0.041	0.045	0.047	0.051	0.054	0.056	0.059	0.062	0.065	0.068	0.071	0.074	0.077	0.081	0.084	0.088	0.091	0.095	0.099	0.103	0.107	0.112	0.116	0.152	0.191	0.234	0.281	0.333	0.385	0.44	0.494	0.549	0.612	0.612	0.613	0.615	0.62	0.625	0.631	0.639	0.649	0.652	0.623	0.594	0.571	0.547	0.525	0.515	0.514	0.514	0.518	0.524	0.524	0.52	0.521	0.521	0.524	0.528	0.536	0.541	0.551	0.561	0.569	0.57	0.579	0.588	0.599	0.614	0.633	0.648	0.674	0.707
270	Gambia	82	0.024	0.026	0.03	0.033	0.034	0.037	0.039	0.042	0.045	0.047	0.049	0.052	0.054	0.056	0.059	0.062	0.065	0.067	0.071	0.073	0.077	0.08	0.083	0.087	0.09	0.093	0.096	0.127	0.16	0.196	0.236	0.28	0.324	0.372	0.418	0.465	0.519	0.52	0.521	0.524	0.529	0.533	0.539	0.546	0.556	0.559	0.533	0.509	0.489	0.468	0.451	0.442	0.442	0.442	0.447	0.453	0.453	0.45	0.451	0.452	0.455	0.459	0.466	0.471	0.48	0.488	0.496	0.498	0.505	0.514	0.524	0.535	0.55	0.565	0.591
270	Gambia	83	0.017	0.02	0.022	0.025	0.027	0.028	0.031	0.032	0.035	0.037	0.038	0.04	0.042	0.044	0.046	0.049	0.051	0.053	0.056	0.058	0.061	0.063	0.066	0.069	0.072	0.074	0.077	0.079	0.105	0.132	0.163	0.196	0.232	0.27	0.31	0.349	0.389	0.435	0.436	0.438	0.44	0.444	0.449	0.454	0.461	0.469	0.471	0.449	0.429	0.413	0.396	0.381	0.374	0.375	0.375	0.38	0.386	0.386	0.384	0.386	0.387	0.39	0.394	0.4	0.405	0.412	0.42	0.427	0.429	0.436	0.444	0.45	0.458	0.474	0.49
270	Gambia	84	0.012	0.014	0.016	0.018	0.02	0.022	0.023	0.025	0.026	0.028	0.03	0.031	0.033	0.034	0.036	0.038	0.04	0.042	0.043	0.045	0.048	0.05	0.052	0.054	0.057	0.058	0.06	0.062	0.064	0.085	0.108	0.133	0.16	0.19	0.221	0.255	0.288	0.321	0.359	0.36	0.362	0.365	0.368	0.372	0.378	0.384	0.389	0.391	0.374	0.357	0.344	0.33	0.318	0.313	0.314	0.315	0.319	0.324	0.325	0.324	0.326	0.327	0.329	0.333	0.339	0.343	0.35	0.357	0.363	0.365	0.371	0.374	0.379	0.388	0.405
270	Gambia	85	0.007	0.01	0.012	0.013	0.014	0.016	0.018	0.018	0.02	0.021	0.022	0.024	0.025	0.026	0.028	0.029	0.03	0.032	0.034	0.035	0.037	0.038	0.04	0.042	0.044	0.045	0.046	0.048	0.049	0.051	0.068	0.086	0.106	0.129	0.153	0.179	0.206	0.233	0.26	0.292	0.293	0.295	0.297	0.301	0.305	0.309	0.313	0.318	0.32	0.306	0.292	0.282	0.271	0.261	0.257	0.259	0.26	0.264	0.269	0.27	0.269	0.271	0.272	0.274	0.278	0.282	0.286	0.292	0.299	0.304	0.306	0.306	0.309	0.316	0.327
270	Gambia	86	0.004	0.006	0.008	0.01	0.011	0.012	0.013	0.014	0.015	0.016	0.016	0.018	0.019	0.02	0.021	0.022	0.023	0.024	0.026	0.027	0.028	0.029	0.031	0.032	0.033	0.034	0.035	0.036	0.037	0.039	0.04	0.053	0.068	0.084	0.102	0.122	0.142	0.164	0.186	0.208	0.233	0.234	0.236	0.238	0.242	0.245	0.247	0.251	0.255	0.257	0.246	0.235	0.227	0.218	0.211	0.208	0.21	0.211	0.215	0.219	0.22	0.22	0.221	0.222	0.224	0.227	0.232	0.235	0.24	0.245	0.25	0.247	0.248	0.253	0.261
270	Gambia	87	0.002	0.004	0.005	0.007	0.008	0.009	0.009	0.01	0.011	0.011	0.012	0.013	0.014	0.015	0.016	0.017	0.017	0.018	0.019	0.02	0.021	0.022	0.023	0.024	0.025	0.025	0.026	0.027	0.027	0.029	0.03	0.031	0.041	0.052	0.065	0.079	0.095	0.111	0.128	0.145	0.162	0.182	0.184	0.185	0.188	0.19	0.192	0.194	0.197	0.2	0.202	0.194	0.186	0.179	0.173	0.167	0.165	0.167	0.168	0.171	0.175	0.176	0.176	0.177	0.178	0.18	0.183	0.186	0.189	0.194	0.198	0.197	0.196	0.199	0.205
270	Gambia	88	0.001	0.002	0.004	0.005	0.006	0.006	0.007	0.008	0.008	0.009	0.009	0.01	0.01	0.011	0.012	0.012	0.013	0.014	0.014	0.015	0.016	0.016	0.017	0.018	0.019	0.019	0.019	0.019	0.02	0.021	0.021	0.022	0.023	0.031	0.04	0.049	0.06	0.072	0.084	0.098	0.111	0.124	0.14	0.141	0.143	0.145	0.145	0.147	0.149	0.151	0.154	0.155	0.149	0.143	0.138	0.134	0.13	0.128	0.13	0.131	0.134	0.136	0.137	0.137	0.139	0.14	0.141	0.144	0.147	0.149	0.153	0.152	0.152	0.153	0.157
270	Gambia	89	0	0.002	0.003	0.003	0.004	0.005	0.005	0.006	0.006	0.007	0.007	0.007	0.008	0.008	0.009	0.009	0.01	0.01	0.011	0.011	0.012	0.012	0.013	0.013	0.014	0.014	0.013	0.014	0.014	0.014	0.015	0.016	0.016	0.017	0.023	0.029	0.036	0.045	0.053	0.063	0.073	0.083	0.093	0.104	0.106	0.107	0.107	0.108	0.109	0.111	0.113	0.115	0.116	0.112	0.107	0.104	0.101	0.098	0.097	0.099	0.1	0.101	0.104	0.105	0.105	0.106	0.107	0.108	0.11	0.112	0.114	0.114	0.114	0.115	0.118
270	Gambia	90	0	0	0.001	0.002	0.002	0.003	0.003	0.004	0.004	0.004	0.004	0.005	0.005	0.005	0.006	0.006	0.006	0.007	0.008	0.008	0.009	0.009	0.009	0.01	0.01	0.01	0.009	0.009	0.01	0.01	0.01	0.011	0.011	0.012	0.012	0.016	0.021	0.026	0.032	0.039	0.045	0.053	0.06	0.067	0.077	0.077	0.077	0.077	0.078	0.079	0.08	0.082	0.084	0.085	0.081	0.078	0.076	0.074	0.073	0.072	0.074	0.074	0.076	0.078	0.077	0.078	0.078	0.079	0.08	0.082	0.084	0.083	0.083	0.084	0.086
270	Gambia	91	0	0	0	0.001	0.001	0.001	0.002	0.002	0.002	0.002	0.003	0.003	0.003	0.003	0.003	0.004	0.004	0.004	0.005	0.006	0.007	0.007	0.007	0.007	0.008	0.007	0.007	0.006	0.006	0.007	0.007	0.007	0.007	0.008	0.008	0.009	0.011	0.015	0.018	0.022	0.027	0.032	0.037	0.042	0.048	0.054	0.054	0.054	0.054	0.054	0.055	0.056	0.057	0.059	0.06	0.057	0.055	0.054	0.053	0.053	0.052	0.054	0.054	0.055	0.056	0.055	0.056	0.056	0.057	0.058	0.059	0.058	0.058	0.059	0.061
270	Gambia	92	0	0	0	0	0	0.001	0.001	0.001	0.001	0.001	0.002	0.002	0.002	0.002	0.002	0.002	0.002	0.003	0.004	0.004	0.005	0.005	0.005	0.006	0.006	0.005	0.005	0.004	0.004	0.004	0.004	0.004	0.005	0.005	0.005	0.005	0.006	0.008	0.01	0.012	0.015	0.018	0.022	0.025	0.03	0.033	0.036	0.036	0.036	0.036	0.036	0.037	0.038	0.039	0.04	0.04	0.039	0.038	0.038	0.038	0.037	0.037	0.038	0.038	0.039	0.038	0.038	0.038	0.039	0.039	0.04	0.04	0.04	0.04	0.041
270	Gambia	93	0	0	0	0	0	0	0	0.001	0.001	0.001	0.001	0.001	0.001	0.001	0.001	0.001	0.001	0.001	0.002	0.003	0.004	0.004	0.004	0.004	0.005	0.004	0.003	0.003	0.003	0.003	0.003	0.003	0.003	0.003	0.003	0.003	0.004	0.004	0.005	0.007	0.008	0.01	0.012	0.014	0.018	0.02	0.021	0.023	0.023	0.023	0.023	0.023	0.024	0.024	0.025	0.026	0.026	0.026	0.026	0.026	0.026	0.025	0.025	0.026	0.026	0.026	0.025	0.025	0.025	0.026	0.026	0.026	0.026	0.026	0.026
270	Gambia	94	0	0	0	0	0	0	0	0	0	0	0	0.001	0.001	0.001	0.001	0.001	0.001	0.001	0.001	0.001	0.003	0.003	0.004	0.004	0.004	0.003	0.002	0.002	0.002	0.002	0.002	0.002	0.002	0.002	0.002	0.002	0.002	0.002	0.002	0.003	0.004	0.005	0.006	0.008	0.01	0.011	0.012	0.013	0.014	0.014	0.014	0.014	0.014	0.015	0.015	0.015	0.016	0.017	0.017	0.017	0.017	0.017	0.017	0.017	0.017	0.016	0.016	0.016	0.016	0.016	0.016	0.016	0.017	0.016	0.016
270	Gambia	95	0	0	0	0	0	0	0	0	0	0	0	0	0	0	0	0	0	0	0	0.001	0.001	0.002	0.003	0.003	0.003	0.002	0.002	0.001	0.001	0.001	0.001	0.001	0.001	0.001	0.001	0.001	0.001	0.001	0.001	0.001	0.002	0.003	0.003	0.004	0.006	0.006	0.007	0.006	0.007	0.008	0.008	0.008	0.008	0.008	0.008	0.009	0.009	0.01	0.011	0.011	0.011	0.011	0.011	0.011	0.011	0.011	0.01	0.01	0.009	0.009	0.009	0.01	0.01	0.009	0.01
270	Gambia	96	0	0	0	0	0	0	0	0	0	0	0	0	0	0	0	0	0	0	0	0	0	0	0.001	0.002	0.003	0.002	0.001	0.001	0.001	0.001	0.001	0.001	0.001	0.001	0.001	0.001	0.001	0.001	0.001	0.001	0.001	0.001	0.002	0.002	0.003	0.004	0.004	0.003	0.003	0.003	0.004	0.004	0.004	0.004	0.004	0.004	0.004	0.005	0.006	0.007	0.007	0.007	0.007	0.007	0.007	0.007	0.006	0.005	0.005	0.005	0.005	0.005	0.006	0.005	0.005
270	Gambia	97	0	0	0	0	0	0	0	0	0	0	0	0	0	0	0	0	0	0	0	0	0	0	0	0.001	0.001	0.002	0.001	0.001	0.001	0	0	0	0	0	0	0	0	0	0	0	0	0.001	0.001	0.001	0.002	0.002	0.002	0.002	0.001	0.001	0.001	0.001	0.001	0.001	0.001	0.001	0.001	0.003	0.003	0.004	0.004	0.004	0.004	0.004	0.004	0.004	0.003	0.003	0.002	0.002	0.002	0.003	0.003	0.003	0.003
270	Gambia	98	0	0	0	0	0	0	0	0	0	0	0	0	0	0	0	0	0	0	0	0	0	0	0	0	0	0.001	0.001	0.001	0	0	0	0	0	0	0	0	0	0	0	0	0	0	0	0	0.002	0.001	0.001	0.001	0.001	0.001	0	0	0	0	0	0	0.001	0.001	0.002	0.002	0.002	0.002	0.002	0.002	0.002	0.002	0.001	0.001	0.001	0.001	0.001	0.001	0.001	0.002	0.002
270	Gambia	99	0	0	0	0	0	0	0	0	0	0	0	0	0	0	0	0	0	0	0	0	0	0	0	0	0	0	0	0	0	0	0	0	0	0	0	0	0	0	0	0	0	0	0	0	0.001	0.001	0.001	0.001	0.001	0.001	0	0	0	0	0	0	0	0	0	0.001	0.001	0.001	0.001	0.001	0.001	0.001	0.001	0.001	0.001	0	0	0	0.001	0.001	0.001
270	Gambia	100	0	0	0	0	0	0	0	0	0	0	0	0	0	0	0	0	0	0	0	0	0	0	0	0	0	0	0	0	0	0	0	0	0	0	0	0	0	0	0	0	0	0	0	0	0	0.001	0	0	0	0	0	0	0	0	0	0	0	0	0	0	0	0.001	0.001	0.001	0.001	0.001	0.001	0.001	0	0	0	0	0	0	0
